object_id,object_type,mod_id,mod_name,source_file,load_winner,source_has_ai_weight,ai_weight_summary,cost,upkeep,produces,prerequisites,potential_allow_gates,event_flags,upgrade_from,upgrades_to,unlocks,strategic_role,strategic_tier,route_ids,parent_ai_support,policy_status,director_action,validation_status,route_id,weight,file_key,source_path,generated_folder,coefficient,additional_weight,generated_file
tech_mega_engineering,technology,vanilla,Stellaris vanilla 4.4.4,common/technology/00_megastructures.txt,yes,yes,ai_signal_present,,,,tech_zero_point_power,,,,,megaengineering,mandatory_unlock,midgame,mega_engineering_core,parent_ai_partial,needs_route_policy,research,ok,mega_engineering_core,200000,01_unlock_technology,C:\Steam\steamapps\common\Stellaris\common\technology\00_megastructures.txt,technology,,,C:/Users/Admin/Documents/GIT/GameMods/StellarisMods/mods/StellarAIDirector/common/technology/zzzz_staid_01_unlock_technology_technology.txt
tech_mega_shipyard,technology,vanilla,Stellaris vanilla 4.4.4,common/technology/00_megastructures.txt,yes,yes,ai_signal_present,,,,tech_mega_engineering,potential,,,,,mandatory_unlock,midgame,mega_engineering_core;mega_shipyard_core,parent_ai_partial,needs_route_policy,research,ok,mega_shipyard_core,180000,01_unlock_technology,C:\Steam\steamapps\common\Stellaris\common\technology\00_megastructures.txt,technology,,,C:/Users/Admin/Documents/GIT/GameMods/StellarisMods/mods/StellarAIDirector/common/technology/zzzz_staid_01_unlock_technology_technology.txt
tech_science_nexus,technology,vanilla,Stellaris vanilla 4.4.4,common/technology/00_megastructures.txt,yes,yes,ai_signal_present,,,,tech_mega_engineering,potential,,,,,mandatory_unlock,opening,research_megastructure_core;research_throughput_infrastructure,parent_ai_partial,needs_route_policy,research,ok,research_megastructure_core,185000,01_unlock_technology,C:\Steam\steamapps\common\Stellaris\common\technology\00_megastructures.txt,technology,,,C:/Users/Admin/Documents/GIT/GameMods/StellarisMods/mods/StellarAIDirector/common/technology/zzzz_staid_01_unlock_technology_technology.txt
tech_ring_world,technology,1121692237,Gigastructural Engineering & More (4.4),common/technology/zz_giga_tech_overwrites.txt,yes,yes,ai_signal_present,,,,tech_mega_engineering,potential;trigger,,,,,mandatory_unlock,opening,ring_world_growth_core,parent_ai_partial,needs_route_policy,research,ok,ring_world_growth_core,175000,01_unlock_technology,C:\Users\Admin\Documents\GIT\GameMods\StellarisMods\research\mod-source-snapshots\2026-07-04\1121692237-gigastructural-engineering-more-44\common\technology\zz_giga_tech_overwrites.txt,technology,,,C:/Users/Admin/Documents/GIT/GameMods/StellarisMods/mods/StellarAIDirector/common/technology/zzzz_staid_01_unlock_technology_technology.txt
tech_orbital_arc_furnace,technology,vanilla,Stellaris vanilla 4.4.4,common/technology/00_machine_age_tech.txt,yes,yes,ai_signal_present,,,,,potential,,,,,mandatory_unlock,opening,crowded_tall_route;early_kilo_economy_core,parent_ai_partial,needs_route_policy,research,ok,early_kilo_economy_core,165000,01_unlock_technology,C:\Steam\steamapps\common\Stellaris\common\technology\00_machine_age_tech.txt,technology,,,C:/Users/Admin/Documents/GIT/GameMods/StellarisMods/mods/StellarAIDirector/common/technology/zzzz_staid_01_unlock_technology_technology.txt
giga_tech_asteroid_manufactory,technology,1121692237,Gigastructural Engineering & More (4.4),common/technology/giga_02_society.txt,yes,yes,ai_signal_present,,,,tech_space_mining_2,potential,asteroid_manufactory_disabled,,,,mandatory_unlock,midgame,early_kilo_economy_core,parent_ai_partial,needs_route_policy,research,ok,early_kilo_economy_core,160000,01_unlock_technology,C:\Users\Admin\Documents\GIT\GameMods\StellarisMods\research\mod-source-snapshots\2026-07-04\1121692237-gigastructural-engineering-more-44\common\technology\giga_02_society.txt,technology,,,C:/Users/Admin/Documents/GIT/GameMods/StellarisMods/mods/StellarAIDirector/common/technology/zzzz_staid_01_unlock_technology_technology.txt
giga_tech_engineering_test_site,technology,1121692237,Gigastructural Engineering & More (4.4),common/technology/giga_03_engineering.txt,yes,yes,ai_signal_present,,,,,potential,compressor_disabled;lifters_disabled;megabase_disabled,,,,mandatory_unlock,midgame,science_kilo_snowball_core,parent_ai_partial,needs_route_policy,research,ok,science_kilo_snowball_core,165000,01_unlock_technology,C:\Users\Admin\Documents\GIT\GameMods\StellarisMods\research\mod-source-snapshots\2026-07-04\1121692237-gigastructural-engineering-more-44\common\technology\giga_03_engineering.txt,technology,,,C:/Users/Admin/Documents/GIT/GameMods/StellarisMods/mods/StellarAIDirector/common/technology/zzzz_staid_01_unlock_technology_technology.txt
giga_tech_macro_scale_weather_manipulation,technology,1121692237,Gigastructural Engineering & More (4.4),common/technology/giga_01_physics.txt,yes,yes,ai_signal_present,,,,tech_sensors_3,potential,compressor_disabled;geothermal_disabled;glue_disabled;lifters_disabled;ndb_disabled;penrose_sphere_disabled;planetary_computer_disabled;storm_observatory_disabled;suppressor_disabled;terraform_barren_disabled;terraform_gasgiant_disabled;terraform_toxic_disabled,,,,prerequisite_only,midgame,,parent_ai_partial,parent_ai_ok,research,ok,science_kilo_snowball_core,170000,01_unlock_technology,C:\Users\Admin\Documents\GIT\GameMods\StellarisMods\research\mod-source-snapshots\2026-07-04\1121692237-gigastructural-engineering-more-44\common\technology\giga_01_physics.txt,technology,,,C:/Users/Admin/Documents/GIT/GameMods/StellarisMods/mods/StellarAIDirector/common/technology/zzzz_staid_01_unlock_technology_technology.txt
giga_tech_planetary_computer,technology,1121692237,Gigastructural Engineering & More (4.4),common/technology/giga_02_society.txt,yes,yes,ai_signal_present,,,,giga_tech_macro_scale_weather_manipulation;tech_ecological_adaptation;tech_power_plant_3;tech_self_aware_logic,potential;trigger,planetary_computer_disabled,,,,mandatory_unlock,midgame,planetary_computer_research_core,parent_ai_partial,needs_route_policy,research,ok,planetary_computer_research_core,190000,01_unlock_technology,C:\Users\Admin\Documents\GIT\GameMods\StellarisMods\research\mod-source-snapshots\2026-07-04\1121692237-gigastructural-engineering-more-44\common\technology\giga_02_society.txt,technology,,,C:/Users/Admin/Documents/GIT/GameMods/StellarisMods/mods/StellarAIDirector/common/technology/zzzz_staid_01_unlock_technology_technology.txt
tech_robotic_workers,technology,vanilla,Stellaris vanilla 4.4.4,common/technology/00_eng_tech.txt,yes,yes,ai_signal_present,,,,tech_powered_exoskeletons,potential,,,,robots,prerequisite_only,opening,,parent_ai_partial,parent_ai_ok,research,ok,pop_assembly_snowball_core,145000,01_unlock_technology,C:\Steam\steamapps\common\Stellaris\common\technology\00_eng_tech.txt,technology,,,C:/Users/Admin/Documents/GIT/GameMods/StellarisMods/mods/StellarAIDirector/common/technology/zzzz_staid_01_unlock_technology_technology.txt
tech_robot_assembly_complex,technology,vanilla,Stellaris vanilla 4.4.4,common/technology/00_eng_tech.txt,yes,yes,ai_signal_present,,,,tech_galactic_administration;tech_robomodding,potential,,,,,mandatory_unlock,opening,pop_assembly_snowball_core,parent_ai_partial,needs_route_policy,research,ok,pop_assembly_snowball_core,165000,01_unlock_technology,C:\Steam\steamapps\common\Stellaris\common\technology\00_eng_tech.txt,technology,,,C:/Users/Admin/Documents/GIT/GameMods/StellarisMods/mods/StellarAIDirector/common/technology/zzzz_staid_01_unlock_technology_technology.txt
tech_mega_assembly,technology,vanilla,Stellaris vanilla 4.4.4,common/technology/00_synthetic_dawn_tech.txt,yes,yes,ai_signal_present,,,,tech_binary_motivators;tech_galactic_administration,potential,,,,,prerequisite_only,midgame,,parent_ai_partial,parent_ai_ok,research,ok,pop_assembly_snowball_core,175000,01_unlock_technology,C:\Steam\steamapps\common\Stellaris\common\technology\00_synthetic_dawn_tech.txt,technology,,,C:/Users/Admin/Documents/GIT/GameMods/StellarisMods/mods/StellarAIDirector/common/technology/zzzz_staid_01_unlock_technology_technology.txt
tech_cloning,technology,vanilla,Stellaris vanilla 4.4.4,common/technology/00_soc_tech.txt,yes,yes,ai_signal_present,,,,tech_genome_mapping,potential,,,,,prerequisite_only,opening,,parent_ai_partial,parent_ai_ok,research,ok,pop_assembly_snowball_core,150000,01_unlock_technology,C:\Steam\steamapps\common\Stellaris\common\technology\00_soc_tech.txt,technology,,,C:/Users/Admin/Documents/GIT/GameMods/StellarisMods/mods/StellarAIDirector/common/technology/zzzz_staid_01_unlock_technology_technology.txt
giga_tech_kugelblitz,technology,1121692237,Gigastructural Engineering & More (4.4),common/technology/giga_01_physics.txt,yes,yes,ai_signal_present,,,,tech_starbase_5;tech_zero_point_power,potential,kugel_disabled,,,,mandatory_unlock,midgame,storage_cap_core,parent_ai_partial,needs_route_policy,research,ok,storage_cap_core,160000,01_unlock_technology,C:\Users\Admin\Documents\GIT\GameMods\StellarisMods\research\mod-source-snapshots\2026-07-04\1121692237-gigastructural-engineering-more-44\common\technology\giga_01_physics.txt,technology,,,C:/Users/Admin/Documents/GIT/GameMods/StellarisMods/mods/StellarAIDirector/common/technology/zzzz_staid_01_unlock_technology_technology.txt
giga_tech_matrioshka_brain_1,technology,1121692237,Gigastructural Engineering & More (4.4),common/technology/giga_05_weightless.txt,yes,yes,ai_signal_present,,,,,potential,matrioshka_brain_disabled,,,,mandatory_unlock,midgame,apex_site_preservation_core;economy_megastructure_core,parent_ai_partial,needs_route_policy,research,ok,apex_site_preservation_core,210000,01_unlock_technology,C:\Users\Admin\Documents\GIT\GameMods\StellarisMods\research\mod-source-snapshots\2026-07-04\1121692237-gigastructural-engineering-more-44\common\technology\giga_05_weightless.txt,technology,,,C:/Users/Admin/Documents/GIT/GameMods/StellarisMods/mods/StellarAIDirector/common/technology/zzzz_staid_01_unlock_technology_technology.txt
giga_tech_neutronium_gigaforge,technology,1121692237,Gigastructural Engineering & More (4.4),common/technology/giga_03_engineering.txt,yes,yes,ai_signal_present,,,,tech_ship_armor_5;tech_starbase_5,potential,gigaforge_disabled;nidavellir_disabled,,,,mandatory_unlock,midgame,apex_site_preservation_core;economy_megastructure_core,parent_ai_partial,needs_route_policy,research,ok,apex_site_preservation_core,185000,01_unlock_technology,C:\Users\Admin\Documents\GIT\GameMods\StellarisMods\research\mod-source-snapshots\2026-07-04\1121692237-gigastructural-engineering-more-44\common\technology\giga_03_engineering.txt,technology,,,C:/Users/Admin/Documents/GIT/GameMods/StellarisMods/mods/StellarAIDirector/common/technology/zzzz_staid_01_unlock_technology_technology.txt
giga_tech_nidavellir,technology,1121692237,Gigastructural Engineering & More (4.4),common/technology/giga_03_engineering.txt,yes,yes,ai_signal_present,,,,giga_tech_tetradimensional_engineering,potential,nidavellir_disabled,,,,mandatory_unlock,midgame,apex_site_preservation_core;economy_megastructure_core,parent_ai_partial,needs_route_policy,research,ok,apex_site_preservation_core,195000,01_unlock_technology,C:\Users\Admin\Documents\GIT\GameMods\StellarisMods\research\mod-source-snapshots\2026-07-04\1121692237-gigastructural-engineering-more-44\common\technology\giga_03_engineering.txt,technology,,,C:/Users/Admin/Documents/GIT/GameMods/StellarisMods/mods/StellarAIDirector/common/technology/zzzz_staid_01_unlock_technology_technology.txt
giga_tech_interstellar_habitat,technology,1121692237,Gigastructural Engineering & More (4.4),common/technology/giga_03_engineering.txt,yes,yes,ai_signal_present,,,,tech_gateway_construction;tech_habitat_1;tech_mega_engineering,potential,stellarhabitat_disabled;svalinn_disabled,,,,mandatory_unlock,midgame,crowded_tall_route,parent_ai_partial,needs_route_policy,research,ok,crowded_tall_route,155000,01_unlock_technology,C:\Users\Admin\Documents\GIT\GameMods\StellarisMods\research\mod-source-snapshots\2026-07-04\1121692237-gigastructural-engineering-more-44\common\technology\giga_03_engineering.txt,technology,,,C:/Users/Admin/Documents/GIT/GameMods/StellarisMods/mods/StellarAIDirector/common/technology/zzzz_staid_01_unlock_technology_technology.txt
giga_tech_stellar_ring_habitat,technology,1121692237,Gigastructural Engineering & More (4.4),common/technology/giga_02_society.txt,yes,yes,ai_signal_present,,,,tech_habitat_2;tech_mega_engineering,potential,,,,,mandatory_unlock,midgame,crowded_tall_route,parent_ai_partial,needs_route_policy,research,ok,crowded_tall_route,150000,01_unlock_technology,C:\Users\Admin\Documents\GIT\GameMods\StellarisMods\research\mod-source-snapshots\2026-07-04\1121692237-gigastructural-engineering-more-44\common\technology\giga_02_society.txt,technology,,,C:/Users/Admin/Documents/GIT/GameMods/StellarisMods/mods/StellarAIDirector/common/technology/zzzz_staid_01_unlock_technology_technology.txt
giga_tech_planet_assembly,technology,1121692237,Gigastructural Engineering & More (4.4),common/technology/giga_01_physics.txt,yes,yes,ai_signal_present,,,,giga_tech_lunar_assembly,potential,giga_celestial_printing_planet_disabled,,,,mandatory_unlock,midgame,planetcraft_route,parent_ai_partial,needs_route_policy,research,ok,planetcraft_route,160000,01_unlock_technology,C:\Users\Admin\Documents\GIT\GameMods\StellarisMods\research\mod-source-snapshots\2026-07-04\1121692237-gigastructural-engineering-more-44\common\technology\giga_01_physics.txt,technology,,,C:/Users/Admin/Documents/GIT/GameMods/StellarisMods/mods/StellarAIDirector/common/technology/zzzz_staid_01_unlock_technology_technology.txt
giga_tech_lunar_assembly,technology,1121692237,Gigastructural Engineering & More (4.4),common/technology/giga_01_physics.txt,yes,yes,ai_signal_present,,,,,potential,giga_celestial_printing_moon_disabled,,,,mandatory_unlock,midgame,war_moon_route,parent_ai_partial,needs_route_policy,research,ok,war_moon_route,135000,01_unlock_technology,C:\Users\Admin\Documents\GIT\GameMods\StellarisMods\research\mod-source-snapshots\2026-07-04\1121692237-gigastructural-engineering-more-44\common\technology\giga_01_physics.txt,technology,,,C:/Users/Admin/Documents/GIT/GameMods/StellarisMods/mods/StellarAIDirector/common/technology/zzzz_staid_01_unlock_technology_technology.txt
giga_tech_war_moon_1,technology,1121692237,Gigastructural Engineering & More (4.4),common/technology/giga_03_engineering.txt,yes,yes,ai_signal_present,,,,giga_tech_asteroid_artillery;tech_mega_engineering;tech_thrusters_4,potential,systemcraft_disabled;warmoon_disabled;warplanet_disabled,,,,mandatory_unlock,planetcraft,conquest_escape_route;war_moon_route,parent_ai_partial,needs_route_policy,research,ok,war_moon_route,155000,01_unlock_technology,C:\Users\Admin\Documents\GIT\GameMods\StellarisMods\research\mod-source-snapshots\2026-07-04\1121692237-gigastructural-engineering-more-44\common\technology\giga_03_engineering.txt,technology,,,C:/Users/Admin/Documents/GIT/GameMods/StellarisMods/mods/StellarAIDirector/common/technology/zzzz_staid_01_unlock_technology_technology.txt
giga_tech_war_moon_2,technology,1121692237,Gigastructural Engineering & More (4.4),common/technology/giga_03_engineering.txt,yes,yes,ai_signal_present,,,,giga_tech_war_moon_1,potential,systemcraft_disabled;warmoon_disabled;warplanet_disabled,,,,mandatory_unlock,planetcraft,conquest_escape_route;war_moon_route,parent_ai_partial,needs_route_policy,research,ok,war_moon_route,180000,01_unlock_technology,C:\Users\Admin\Documents\GIT\GameMods\StellarisMods\research\mod-source-snapshots\2026-07-04\1121692237-gigastructural-engineering-more-44\common\technology\giga_03_engineering.txt,technology,,,C:/Users/Admin/Documents/GIT/GameMods/StellarisMods/mods/StellarAIDirector/common/technology/zzzz_staid_01_unlock_technology_technology.txt
giga_tech_war_moon_sections,technology,1121692237,Gigastructural Engineering & More (4.4),common/technology/giga_03_engineering.txt,yes,yes,ai_signal_present,,,,giga_tech_war_moon_2,potential,warmoon_disabled,,,,mandatory_unlock,planetcraft,conquest_escape_route;war_moon_route,parent_ai_partial,needs_route_policy,research,ok,war_moon_route,150000,01_unlock_technology,C:\Users\Admin\Documents\GIT\GameMods\StellarisMods\research\mod-source-snapshots\2026-07-04\1121692237-gigastructural-engineering-more-44\common\technology\giga_03_engineering.txt,technology,,,C:/Users/Admin/Documents/GIT/GameMods/StellarisMods/mods/StellarAIDirector/common/technology/zzzz_staid_01_unlock_technology_technology.txt
giga_tech_war_system_1,technology,1121692237,Gigastructural Engineering & More (4.4),common/technology/giga_05_weightless.txt,yes,yes,ai_signal_present,,,,,potential,systemcraft_disabled;warmoon_disabled;warplanet_disabled,,,,mandatory_unlock,systemcraft,conquest_escape_route;systemcraft_route,parent_ai_partial,needs_route_policy,research,ok,systemcraft_route,150000,01_unlock_technology,C:\Users\Admin\Documents\GIT\GameMods\StellarisMods\research\mod-source-snapshots\2026-07-04\1121692237-gigastructural-engineering-more-44\common\technology\giga_05_weightless.txt,technology,,,C:/Users/Admin/Documents/GIT/GameMods/StellarisMods/mods/StellarAIDirector/common/technology/zzzz_staid_01_unlock_technology_technology.txt
giga_tech_war_system_2,technology,1121692237,Gigastructural Engineering & More (4.4),common/technology/giga_01_physics.txt,yes,yes,ai_signal_present,,,,giga_tech_war_system_1,,,,,,mandatory_unlock,systemcraft,conquest_escape_route;systemcraft_route,parent_ai_partial,needs_route_policy,research,ok,systemcraft_route,170000,01_unlock_technology,C:\Users\Admin\Documents\GIT\GameMods\StellarisMods\research\mod-source-snapshots\2026-07-04\1121692237-gigastructural-engineering-more-44\common\technology\giga_01_physics.txt,technology,,,C:/Users/Admin/Documents/GIT/GameMods/StellarisMods/mods/StellarAIDirector/common/technology/zzzz_staid_01_unlock_technology_technology.txt
giga_tech_war_system_3,technology,1121692237,Gigastructural Engineering & More (4.4),common/technology/giga_01_physics.txt,yes,yes,ai_signal_present,,,,giga_tech_war_system_2,,,,,,mandatory_unlock,systemcraft,conquest_escape_route;systemcraft_route,parent_ai_partial,needs_route_policy,research,ok,systemcraft_route,190000,01_unlock_technology,C:\Users\Admin\Documents\GIT\GameMods\StellarisMods\research\mod-source-snapshots\2026-07-04\1121692237-gigastructural-engineering-more-44\common\technology\giga_01_physics.txt,technology,,,C:/Users/Admin/Documents/GIT/GameMods/StellarisMods/mods/StellarAIDirector/common/technology/zzzz_staid_01_unlock_technology_technology.txt
giga_tech_war_system_4,technology,1121692237,Gigastructural Engineering & More (4.4),common/technology/giga_01_physics.txt,yes,yes,ai_signal_present,,,,giga_tech_war_system_3,,,,,,mandatory_unlock,systemcraft,conquest_escape_route;systemcraft_route,parent_ai_partial,needs_route_policy,research,ok,systemcraft_route,210000,01_unlock_technology,C:\Users\Admin\Documents\GIT\GameMods\StellarisMods\research\mod-source-snapshots\2026-07-04\1121692237-gigastructural-engineering-more-44\common\technology\giga_01_physics.txt,technology,,,C:/Users/Admin/Documents/GIT/GameMods/StellarisMods/mods/StellarAIDirector/common/technology/zzzz_staid_01_unlock_technology_technology.txt
giga_tech_war_system_5,technology,1121692237,Gigastructural Engineering & More (4.4),common/technology/giga_01_physics.txt,yes,yes,ai_signal_present,,,,giga_tech_war_system_4,,,,,,mandatory_unlock,systemcraft,conquest_escape_route;systemcraft_route,parent_ai_partial,needs_route_policy,research,ok,systemcraft_route,230000,01_unlock_technology,C:\Users\Admin\Documents\GIT\GameMods\StellarisMods\research\mod-source-snapshots\2026-07-04\1121692237-gigastructural-engineering-more-44\common\technology\giga_01_physics.txt,technology,,,C:/Users/Admin/Documents/GIT/GameMods/StellarisMods/mods/StellarAIDirector/common/technology/zzzz_staid_01_unlock_technology_technology.txt
giga_tech_war_system_6,technology,1121692237,Gigastructural Engineering & More (4.4),common/technology/giga_03_engineering.txt,yes,yes,ai_signal_present,,,,giga_tech_war_system_5,potential,systemcraft_disabled,,,,mandatory_unlock,systemcraft,conquest_escape_route;systemcraft_route,parent_ai_partial,needs_route_policy,research,ok,systemcraft_route,250000,01_unlock_technology,C:\Users\Admin\Documents\GIT\GameMods\StellarisMods\research\mod-source-snapshots\2026-07-04\1121692237-gigastructural-engineering-more-44\common\technology\giga_03_engineering.txt,technology,,,C:/Users/Admin/Documents/GIT/GameMods/StellarisMods/mods/StellarAIDirector/common/technology/zzzz_staid_01_unlock_technology_technology.txt
tech_ehof_sentient_tier_1,technology,1121692237,Gigastructural Engineering & More (4.4),common/technology/giga_06_special_project_tech.txt,yes,yes,ai_signal_present,,,,,potential,ehof_disabled;ehof_level_1_possible,,,,prerequisite_only,opening,,parent_ai_partial,parent_ai_ok,research,ok,gigas_special_resource_core,140000,01_unlock_technology,C:\Users\Admin\Documents\GIT\GameMods\StellarisMods\research\mod-source-snapshots\2026-07-04\1121692237-gigastructural-engineering-more-44\common\technology\giga_06_special_project_tech.txt,technology,,,C:/Users/Admin/Documents/GIT/GameMods/StellarisMods/mods/StellarAIDirector/common/technology/zzzz_staid_01_unlock_technology_technology.txt
tech_nm_utilization_1,technology,1121692237,Gigastructural Engineering & More (4.4),common/technology/giga_09_ehof_other.txt,yes,yes,ai_signal_present,,,,tech_negative_e_s;tech_ssn_det;tech_u_r_e_t,,,,,,prerequisite_only,opening,,parent_ai_partial,parent_ai_ok,research,ok,gigas_special_resource_core,140000,01_unlock_technology,C:\Users\Admin\Documents\GIT\GameMods\StellarisMods\research\mod-source-snapshots\2026-07-04\1121692237-gigastructural-engineering-more-44\common\technology\giga_09_ehof_other.txt,technology,,,C:/Users/Admin/Documents/GIT/GameMods/StellarisMods/mods/StellarAIDirector/common/technology/zzzz_staid_01_unlock_technology_technology.txt
giga_tech_amb_supertensiles,technology,1121692237,Gigastructural Engineering & More (4.4),common/technology/giga_17_alternative_mega_build.txt,yes,yes,ai_signal_present,,,,,potential,@giga_amb_flag;giga_sr_amb_megaconstruction_found,,,,mandatory_unlock,midgame,gigas_special_resource_core,parent_ai_partial,needs_route_policy,research,ok,gigas_special_resource_core,140000,01_unlock_technology,C:\Users\Admin\Documents\GIT\GameMods\StellarisMods\research\mod-source-snapshots\2026-07-04\1121692237-gigastructural-engineering-more-44\common\technology\giga_17_alternative_mega_build.txt,technology,,,C:/Users/Admin/Documents/GIT/GameMods/StellarisMods/mods/StellarAIDirector/common/technology/zzzz_staid_01_unlock_technology_technology.txt
tech_Carrier_1,technology,683230077,NSC3,common/technology/nsc_technologies.txt,yes,yes,ai_signal_present,,,,tech_battleships,potential,,,,,mandatory_unlock,opening,nsc3_capital_hull_route,parent_ai_partial,needs_route_policy,research,ok,nsc3_capital_hull_route,125000,01_unlock_technology,C:\Users\Admin\Documents\GIT\GameMods\StellarisMods\research\mod-source-snapshots\2026-07-04\683230077-nsc3\common\technology\nsc_technologies.txt,technology,,,C:/Users/Admin/Documents/GIT/GameMods/StellarisMods/mods/StellarAIDirector/common/technology/zzzz_staid_01_unlock_technology_technology.txt
tech_Dreadnought_1,technology,683230077,NSC3,common/technology/nsc_technologies.txt,yes,yes,ai_signal_present,,,,tech_battleships,potential,,,,,mandatory_unlock,opening,nsc3_capital_hull_route,parent_ai_partial,needs_route_policy,research,ok,nsc3_capital_hull_route,150000,01_unlock_technology,C:\Users\Admin\Documents\GIT\GameMods\StellarisMods\research\mod-source-snapshots\2026-07-04\683230077-nsc3\common\technology\nsc_technologies.txt,technology,,,C:/Users/Admin/Documents/GIT/GameMods/StellarisMods/mods/StellarAIDirector/common/technology/zzzz_staid_01_unlock_technology_technology.txt
tech_Flagship_1,technology,683230077,NSC3,common/technology/nsc_technologies.txt,yes,yes,ai_signal_present,,,,,potential,,,,,mandatory_unlock,opening,nsc3_capital_hull_route,parent_ai_partial,needs_route_policy,research,ok,nsc3_capital_hull_route,170000,01_unlock_technology,C:\Users\Admin\Documents\GIT\GameMods\StellarisMods\research\mod-source-snapshots\2026-07-04\683230077-nsc3\common\technology\nsc_technologies.txt,technology,,,C:/Users/Admin/Documents/GIT/GameMods/StellarisMods/mods/StellarAIDirector/common/technology/zzzz_staid_01_unlock_technology_technology.txt
tech_heavycarrier_1,technology,683230077,NSC3,common/technology/nsc_technologies.txt,yes,yes,ai_signal_present,,,,tech_Carrier_1,potential;trigger,,,,,mandatory_unlock,opening,nsc3_capital_hull_route,parent_ai_partial,needs_route_policy,research,ok,nsc3_capital_hull_route,130000,01_unlock_technology,C:\Users\Admin\Documents\GIT\GameMods\StellarisMods\research\mod-source-snapshots\2026-07-04\683230077-nsc3\common\technology\nsc_technologies.txt,technology,,,C:/Users/Admin/Documents/GIT/GameMods/StellarisMods/mods/StellarAIDirector/common/technology/zzzz_staid_01_unlock_technology_technology.txt
tech_supercarrier_1,technology,683230077,NSC3,common/technology/nsc_technologies.txt,yes,yes,ai_signal_present,,,,tech_heavycarrier_1,potential;trigger,,,,,mandatory_unlock,opening,nsc3_capital_hull_route,parent_ai_partial,needs_route_policy,research,ok,nsc3_capital_hull_route,145000,01_unlock_technology,C:\Users\Admin\Documents\GIT\GameMods\StellarisMods\research\mod-source-snapshots\2026-07-04\683230077-nsc3\common\technology\nsc_technologies.txt,technology,,,C:/Users/Admin/Documents/GIT/GameMods/StellarisMods/mods/StellarAIDirector/common/technology/zzzz_staid_01_unlock_technology_technology.txt
esc_tech_dark_matter_power_core_2,technology,2648658105,Extra Ship Components NEXT,common/technology/esc_technology_req_components.txt,yes,yes,ai_signal_present,,,,tech_dark_matter_power_core,potential;trigger,@ACOT_active_flag;ESC_GLOBAL_FLAG_reactors_forbidden,,,,mandatory_unlock,midgame,esc_component_route;gigas_special_resource_core,parent_ai_partial,needs_route_policy,research,ok,esc_component_route,150000,01_unlock_technology,C:\Users\Admin\Documents\GIT\GameMods\StellarisMods\research\mod-source-snapshots\2026-07-04\2648658105-extra-ship-components-next\common\technology\esc_technology_req_components.txt,technology,,,C:/Users/Admin/Documents/GIT/GameMods/StellarisMods/mods/StellarAIDirector/common/technology/zzzz_staid_01_unlock_technology_technology.txt
esc_tech_strikecraft_5,technology,2648658105,Extra Ship Components NEXT,common/technology/esc_technology_strikecraft.txt,yes,yes,ai_signal_present,,,,esc_tech_strikecraft_4,potential,ESC_GLOBAL_FLAG_adv_vanilla_strikecrafts_forbidden,,,,mandatory_unlock,midgame,esc_component_route,parent_ai_partial,needs_route_policy,research,ok,esc_component_route,140000,01_unlock_technology,C:\Users\Admin\Documents\GIT\GameMods\StellarisMods\research\mod-source-snapshots\2026-07-04\2648658105-extra-ship-components-next\common\technology\esc_technology_strikecraft.txt,technology,,,C:/Users/Admin/Documents/GIT/GameMods/StellarisMods/mods/StellarAIDirector/common/technology/zzzz_staid_01_unlock_technology_technology.txt
esc_tech_dreadnought_computer,technology,2648658105,Extra Ship Components NEXT,common/technology/esc_technology_req_components.txt,yes,yes,ai_signal_present,,,,tech_cruisers,potential,ESC_GLOBAL_FLAG_dreadnought_tech_forbidden,,,,mandatory_unlock,opening,esc_component_route;nsc3_capital_hull_route,parent_ai_partial,needs_route_policy,research,ok,esc_component_route,130000,01_unlock_technology,C:\Users\Admin\Documents\GIT\GameMods\StellarisMods\research\mod-source-snapshots\2026-07-04\2648658105-extra-ship-components-next\common\technology\esc_technology_req_components.txt,technology,,,C:/Users/Admin/Documents/GIT/GameMods/StellarisMods/mods/StellarAIDirector/common/technology/zzzz_staid_01_unlock_technology_technology.txt
tech_starbase_6,technology,3250900527,Starbase Extended 3.0,common/technology/sbx_3_0_technologies.txt,yes,yes,ai_signal_present,,,,tech_starbase_5,potential,,,,,prerequisite_only,opening,,parent_ai_partial,parent_ai_ok,research,ok,fallen_empire_benchmark_route,135000,01_unlock_technology,C:\Users\Admin\Documents\GIT\GameMods\StellarisMods\research\mod-source-snapshots\2026-07-04\3250900527-starbase-extended-30\common\technology\sbx_3_0_technologies.txt,technology,,,C:/Users/Admin/Documents/GIT/GameMods/StellarisMods/mods/StellarAIDirector/common/technology/zzzz_staid_01_unlock_technology_technology.txt
ap_technological_ascendancy,ascension_perk,vanilla,Stellaris vanilla 4.4.4,common/ascension_perks/00_ascension_perks.txt,yes,yes,ai_signal_present,,,,,potential,,,,,prerequisite_only,opening,,parent_ai_partial,parent_ai_ok,research,ok,research_diplomacy_core,150000,02_perks_traditions,C:\Steam\steamapps\common\Stellaris\common\ascension_perks\00_ascension_perks.txt,ascension_perks,,,C:/Users/Admin/Documents/GIT/GameMods/StellarisMods/mods/StellarAIDirector/common/ascension_perks/zzzz_staid_02_perks_traditions_ascension_perks.txt
ap_master_builders,ascension_perk,vanilla,Stellaris vanilla 4.4.4,common/ascension_perks/00_ascension_perks.txt,no,yes,ai_signal_present,,,,,possible;potential,,,,,prerequisite_only,opening,,parent_ai_partial,parent_ai_ok,research,ok,economy_megastructure_core,125000,02_perks_traditions,C:\Steam\steamapps\common\Stellaris\common\ascension_perks\00_ascension_perks.txt,ascension_perks,,,C:/Users/Admin/Documents/GIT/GameMods/StellarisMods/mods/StellarAIDirector/common/ascension_perks/zzzz_staid_02_perks_traditions_ascension_perks.txt
ap_galactic_wonders,ascension_perk,vanilla,Stellaris vanilla 4.4.4,common/ascension_perks/00_ascension_perks.txt,no,yes,ai_signal_present,,,,,possible;potential,has_built_or_repaired_megastructure,,,,prerequisite_only,opening,,parent_ai_partial,parent_ai_ok,research,ok,economy_megastructure_core,150000,02_perks_traditions,C:\Steam\steamapps\common\Stellaris\common\ascension_perks\00_ascension_perks.txt,ascension_perks,,,C:/Users/Admin/Documents/GIT/GameMods/StellarisMods/mods/StellarAIDirector/common/ascension_perks/zzzz_staid_02_perks_traditions_ascension_perks.txt
ap_gigastructural_constructs,ascension_perk,1121692237,Gigastructural Engineering & More (4.4),common/ascension_perks/giga_ascension_perks.txt,yes,yes,ai_signal_present,,,,,possible;potential,giga_gigastructural_perk_disabled;has_built_or_repaired_gigastructure,,,,prerequisite_only,midgame,,parent_ai_partial,parent_ai_ok,research,ok,economy_megastructure_core,120000,02_perks_traditions,C:\Users\Admin\Documents\GIT\GameMods\StellarisMods\research\mod-source-snapshots\2026-07-04\1121692237-gigastructural-engineering-more-44\common\ascension_perks\giga_ascension_perks.txt,ascension_perks,,,C:/Users/Admin/Documents/GIT/GameMods/StellarisMods/mods/StellarAIDirector/common/ascension_perks/zzzz_staid_02_perks_traditions_ascension_perks.txt
ap_celestial_printing,ascension_perk,1121692237,Gigastructural Engineering & More (4.4),common/ascension_perks/giga_ascension_perks.txt,yes,yes,ai_signal_present,,,,,possible;potential,giga_bulk_matter_cost_disabled;giga_celestial_printing_moon_disabled;giga_celestial_printing_planet_disabled;systemcraft_disabled,,,,mandatory_unlock,opening,planetcraft_route;systemcraft_route,parent_ai_partial,needs_route_policy,research,ok,planetcraft_route,180000,02_perks_traditions,C:\Users\Admin\Documents\GIT\GameMods\StellarisMods\research\mod-source-snapshots\2026-07-04\1121692237-gigastructural-engineering-more-44\common\ascension_perks\giga_ascension_perks.txt,ascension_perks,,,C:/Users/Admin/Documents/GIT/GameMods/StellarisMods/mods/StellarAIDirector/common/ascension_perks/zzzz_staid_02_perks_traditions_ascension_perks.txt
ap_lord_of_war,ascension_perk,vanilla,Stellaris vanilla 4.4.4,common/ascension_perks/00_ascension_perks.txt,yes,yes,ai_signal_present,,,,,potential,,,,,mandatory_unlock,opening,conquest_escape_route,parent_ai_partial,needs_route_policy,research,ok,conquest_escape_route,80000,02_perks_traditions,C:\Steam\steamapps\common\Stellaris\common\ascension_perks\00_ascension_perks.txt,ascension_perks,,,C:/Users/Admin/Documents/GIT/GameMods/StellarisMods/mods/StellarAIDirector/common/ascension_perks/zzzz_staid_02_perks_traditions_ascension_perks.txt
ap_nihilistic_acquisition,ascension_perk,vanilla,Stellaris vanilla 4.4.4,common/ascension_perks/00_ascension_perks.txt,yes,yes,ai_signal_present,,,,,possible;potential,,,,,mandatory_unlock,opening,raiding_pop_acquisition_route,parent_ai_partial,needs_route_policy,research,ok,raiding_pop_acquisition_route,170000,02_perks_traditions,C:\Steam\steamapps\common\Stellaris\common\ascension_perks\00_ascension_perks.txt,ascension_perks,,,C:/Users/Admin/Documents/GIT/GameMods/StellarisMods/mods/StellarAIDirector/common/ascension_perks/zzzz_staid_02_perks_traditions_ascension_perks.txt
tradition_discovery,tradition_category,vanilla,Stellaris vanilla 4.4.4,common/tradition_categories/00_discovery.txt,yes,yes,ai_signal_present,,,,,trigger,,,,,unknown_manual_review,manual_review,,parent_ai_partial,parent_ai_ok,manual_review,ok,research_diplomacy_core,4,02_perks_traditions,C:\Steam\steamapps\common\Stellaris\common\tradition_categories\00_discovery.txt,tradition_categories,,,C:/Users/Admin/Documents/GIT/GameMods/StellarisMods/mods/StellarAIDirector/common/tradition_categories/zzzz_staid_02_perks_traditions_tradition_categories.txt
tradition_diplomacy,tradition_category,vanilla,Stellaris vanilla 4.4.4,common/tradition_categories/00_diplomacy.txt,yes,yes,ai_signal_present,,,,,potential,,,,,unknown_manual_review,manual_review,research_diplomacy_core,parent_ai_partial,needs_route_policy,manual_review,ok,research_diplomacy_core,4,02_perks_traditions,C:\Steam\steamapps\common\Stellaris\common\tradition_categories\00_diplomacy.txt,tradition_categories,,,C:/Users/Admin/Documents/GIT/GameMods/StellarisMods/mods/StellarAIDirector/common/tradition_categories/zzzz_staid_02_perks_traditions_tradition_categories.txt
tradition_supremacy,tradition_category,vanilla,Stellaris vanilla 4.4.4,common/tradition_categories/00_supremacy.txt,yes,yes,ai_signal_present,,,,,trigger,,,,,unknown_manual_review,manual_review,,parent_ai_partial,parent_ai_ok,manual_review,ok,conquest_escape_route,4,02_perks_traditions,C:\Steam\steamapps\common\Stellaris\common\tradition_categories\00_supremacy.txt,tradition_categories,,,C:/Users/Admin/Documents/GIT/GameMods/StellarisMods/mods/StellarAIDirector/common/tradition_categories/zzzz_staid_02_perks_traditions_tradition_categories.txt
tradition_prosperity,tradition_category,vanilla,Stellaris vanilla 4.4.4,common/tradition_categories/00_prosperity.txt,yes,yes,ai_signal_present,,,,,trigger,,,,,unknown_manual_review,manual_review,,parent_ai_partial,parent_ai_ok,manual_review,ok,economy_megastructure_core,4,02_perks_traditions,C:\Steam\steamapps\common\Stellaris\common\tradition_categories\00_prosperity.txt,tradition_categories,,,C:/Users/Admin/Documents/GIT/GameMods/StellarisMods/mods/StellarAIDirector/common/tradition_categories/zzzz_staid_02_perks_traditions_tradition_categories.txt
tradition_adaptability,tradition_category,vanilla,Stellaris vanilla 4.4.4,common/tradition_categories/00_adaptability.txt,yes,yes,ai_signal_present,,,,,potential,,,,,unknown_manual_review,manual_review,,parent_ai_partial,parent_ai_ok,manual_review,ok,crowded_tall_route,4,02_perks_traditions,C:\Steam\steamapps\common\Stellaris\common\tradition_categories\00_adaptability.txt,tradition_categories,,,C:/Users/Admin/Documents/GIT/GameMods/StellarisMods/mods/StellarAIDirector/common/tradition_categories/zzzz_staid_02_perks_traditions_tradition_categories.txt
tradition_mercantile,tradition_category,vanilla,Stellaris vanilla 4.4.4,common/tradition_categories/00_commerce.txt,yes,yes,ai_signal_present,,,,,potential,,,,,unknown_manual_review,manual_review,,parent_ai_partial,parent_ai_ok,manual_review,ok,crowded_tall_route,4,02_perks_traditions,C:\Steam\steamapps\common\Stellaris\common\tradition_categories\00_commerce.txt,tradition_categories,,,C:/Users/Admin/Documents/GIT/GameMods/StellarisMods/mods/StellarAIDirector/common/tradition_categories/zzzz_staid_02_perks_traditions_tradition_categories.txt
tr_discovery_to_boldly_go,tradition,vanilla,Stellaris vanilla 4.4.4,common/traditions/00_discovery.txt,yes,yes,ai_signal_present,,,,,trigger,,,,,prerequisite_only,opening,,parent_ai_partial,parent_ai_ok,research,ok,research_diplomacy_core,4,02_perks_traditions,C:\Steam\steamapps\common\Stellaris\common\traditions\00_discovery.txt,traditions,,,C:/Users/Admin/Documents/GIT/GameMods/StellarisMods/mods/StellarAIDirector/common/traditions/zzzz_staid_02_perks_traditions_traditions.txt
tr_discovery_databank_uplinks,tradition,vanilla,Stellaris vanilla 4.4.4,common/traditions/00_discovery.txt,yes,yes,ai_signal_present,,,,,possible;trigger,,,,,prerequisite_only,opening,,parent_ai_partial,parent_ai_ok,research,ok,research_diplomacy_core,4,02_perks_traditions,C:\Steam\steamapps\common\Stellaris\common\traditions\00_discovery.txt,traditions,,,C:/Users/Admin/Documents/GIT/GameMods/StellarisMods/mods/StellarAIDirector/common/traditions/zzzz_staid_02_perks_traditions_traditions.txt
tr_discovery_science_division,tradition,vanilla,Stellaris vanilla 4.4.4,common/traditions/00_discovery.txt,yes,yes,ai_signal_present,,,,,trigger,,,,,mandatory_unlock,opening,research_throughput_infrastructure,parent_ai_partial,needs_route_policy,research,ok,research_diplomacy_core,4,02_perks_traditions,C:\Steam\steamapps\common\Stellaris\common\traditions\00_discovery.txt,traditions,,,C:/Users/Admin/Documents/GIT/GameMods/StellarisMods/mods/StellarAIDirector/common/traditions/zzzz_staid_02_perks_traditions_traditions.txt
tr_discovery_polytechnic_education,tradition,vanilla,Stellaris vanilla 4.4.4,common/traditions/00_discovery.txt,yes,yes,ai_signal_present,,,,,possible;trigger,,,,,prerequisite_only,opening,,parent_ai_partial,parent_ai_ok,research,ok,research_diplomacy_core,4,02_perks_traditions,C:\Steam\steamapps\common\Stellaris\common\traditions\00_discovery.txt,traditions,,,C:/Users/Admin/Documents/GIT/GameMods/StellarisMods/mods/StellarAIDirector/common/traditions/zzzz_staid_02_perks_traditions_traditions.txt
tr_discovery_faith_in_science,tradition,vanilla,Stellaris vanilla 4.4.4,common/traditions/00_discovery.txt,yes,yes,ai_signal_present,,,,,possible;trigger,,,,,mandatory_unlock,opening,research_throughput_infrastructure,parent_ai_partial,needs_route_policy,research,ok,research_diplomacy_core,4,02_perks_traditions,C:\Steam\steamapps\common\Stellaris\common\traditions\00_discovery.txt,traditions,,,C:/Users/Admin/Documents/GIT/GameMods/StellarisMods/mods/StellarAIDirector/common/traditions/zzzz_staid_02_perks_traditions_traditions.txt
tr_diplomacy_the_federation,tradition,vanilla,Stellaris vanilla 4.4.4,common/traditions/00_diplomacy.txt,yes,yes,ai_signal_present,,,,,,,,,,mandatory_unlock,opening,research_diplomacy_core,parent_ai_partial,needs_route_policy,research,ok,research_diplomacy_core,4,02_perks_traditions,C:\Steam\steamapps\common\Stellaris\common\traditions\00_diplomacy.txt,traditions,,,C:/Users/Admin/Documents/GIT/GameMods/StellarisMods/mods/StellarAIDirector/common/traditions/zzzz_staid_02_perks_traditions_traditions.txt
tr_diplomacy_entente_coordination,tradition,vanilla,Stellaris vanilla 4.4.4,common/traditions/00_diplomacy.txt,yes,yes,ai_signal_present,,,,,possible;trigger,,,,,mandatory_unlock,opening,research_diplomacy_core,parent_ai_partial,needs_route_policy,research,ok,research_diplomacy_core,4,02_perks_traditions,C:\Steam\steamapps\common\Stellaris\common\traditions\00_diplomacy.txt,traditions,,,C:/Users/Admin/Documents/GIT/GameMods/StellarisMods/mods/StellarAIDirector/common/traditions/zzzz_staid_02_perks_traditions_traditions.txt
tr_diplomacy_diplomatic_networking,tradition,vanilla,Stellaris vanilla 4.4.4,common/traditions/00_diplomacy.txt,yes,yes,ai_signal_present,,,,,trigger,,,,,mandatory_unlock,opening,research_diplomacy_core,parent_ai_partial,needs_route_policy,research,ok,research_diplomacy_core,4,02_perks_traditions,C:\Steam\steamapps\common\Stellaris\common\traditions\00_diplomacy.txt,traditions,,,C:/Users/Admin/Documents/GIT/GameMods/StellarisMods/mods/StellarAIDirector/common/traditions/zzzz_staid_02_perks_traditions_traditions.txt
tr_diplomacy_direct_diplomacy,tradition,vanilla,Stellaris vanilla 4.4.4,common/traditions/00_diplomacy.txt,yes,yes,ai_signal_present,,,,,possible,,,,,mandatory_unlock,opening,research_diplomacy_core,parent_ai_partial,needs_route_policy,research,ok,research_diplomacy_core,4,02_perks_traditions,C:\Steam\steamapps\common\Stellaris\common\traditions\00_diplomacy.txt,traditions,,,C:/Users/Admin/Documents/GIT/GameMods/StellarisMods/mods/StellarAIDirector/common/traditions/zzzz_staid_02_perks_traditions_traditions.txt
tr_diplomacy_eminent_diplomats,tradition,vanilla,Stellaris vanilla 4.4.4,common/traditions/00_diplomacy.txt,yes,yes,ai_signal_present,,,,,possible;trigger,,,,,mandatory_unlock,opening,research_diplomacy_core,parent_ai_partial,needs_route_policy,research,ok,research_diplomacy_core,4,02_perks_traditions,C:\Steam\steamapps\common\Stellaris\common\traditions\00_diplomacy.txt,traditions,,,C:/Users/Admin/Documents/GIT/GameMods/StellarisMods/mods/StellarAIDirector/common/traditions/zzzz_staid_02_perks_traditions_traditions.txt
influence_expenditure_claims,ai_budget,vanilla,Stellaris vanilla 4.4.4,common/ai_budget/00_influence_budget.txt,yes,yes,ai_signal_present,,,,,potential,,,,,prerequisite_only,opening,conquest_escape_route,parent_ai_partial,needs_route_policy,observe,ok,conquest_escape_route,145000,08_site_limited_expansion,C:\Steam\steamapps\common\Stellaris\common\ai_budget\00_influence_budget.txt,ai_budget,,,C:/Users/Admin/Documents/GIT/GameMods/StellarisMods/mods/StellarAIDirector/common/ai_budget/zzzz_staid_08_site_limited_expansion_ai_budget.txt
influence_expenditure_claims_militarist,ai_budget,vanilla,Stellaris vanilla 4.4.4,common/ai_budget/00_influence_budget.txt,yes,yes,ai_signal_present,,,,,potential,,,,,prerequisite_only,opening,conquest_escape_route,parent_ai_partial,needs_route_policy,observe,ok,conquest_escape_route,165000,08_site_limited_expansion,C:\Steam\steamapps\common\Stellaris\common\ai_budget\00_influence_budget.txt,ai_budget,,,C:/Users/Admin/Documents/GIT/GameMods/StellarisMods/mods/StellarAIDirector/common/ai_budget/zzzz_staid_08_site_limited_expansion_ai_budget.txt
influence_expenditure_claims_fanatic_militarist,ai_budget,vanilla,Stellaris vanilla 4.4.4,common/ai_budget/00_influence_budget.txt,yes,yes,ai_signal_present,,,,,potential,,,,,prerequisite_only,opening,conquest_escape_route,parent_ai_partial,needs_route_policy,observe,ok,conquest_escape_route,185000,08_site_limited_expansion,C:\Steam\steamapps\common\Stellaris\common\ai_budget\00_influence_budget.txt,ai_budget,,,C:/Users/Admin/Documents/GIT/GameMods/StellarisMods/mods/StellarAIDirector/common/ai_budget/zzzz_staid_08_site_limited_expansion_ai_budget.txt
dyson_sphere_0,megastructure,1121692237,Gigastructural Engineering & More (4.4),common/megastructures/zz_e_dyson_sphere.txt,yes,yes,ai_signal_present,,,,tech_dyson_sphere,possible;potential,built_dyson_sphere;giga_dyson_scaling;giga_o_stars_disabled;has_real_space_mod;vanilla_dyson_capped_u;vanilla_dyson_disabled;vanilla_dyson_swarm_replace_disabled,,dyson_sphere_0_o_star;dyson_sphere_1,,economy_multiplier,opening,economy_megastructure_core;mega_engineering_core,parent_ai_partial,needs_route_policy,build,ok,economy_megastructure_core,130000,03_megastructures,C:\Users\Admin\Documents\GIT\GameMods\StellarisMods\research\mod-source-snapshots\2026-07-04\1121692237-gigastructural-engineering-more-44\common\megastructures\zz_e_dyson_sphere.txt,megastructures,,,C:/Users/Admin/Documents/GIT/GameMods/StellarisMods/mods/StellarAIDirector/common/megastructures/zzzz_staid_03_megastructures_megastructures.txt
orbital_arc_furnace_1,megastructure,1121692237,Gigastructural Engineering & More (4.4),common/megastructures/zz_c_orbital_arc_furnace.txt,yes,yes,ai_signal_present,,,,tech_orbital_arc_furnace,possible;potential;trigger,is_currently_building_orbital_arc_furnace;vanilla_furnace_capped_u,,orbital_arc_furnace_2,,prerequisite_only,opening,crowded_tall_route;early_kilo_economy_core;mega_engineering_core,parent_ai_partial,needs_route_policy,build,ok,early_kilo_economy_core,130000,03_megastructures,C:\Users\Admin\Documents\GIT\GameMods\StellarisMods\research\mod-source-snapshots\2026-07-04\1121692237-gigastructural-engineering-more-44\common\megastructures\zz_c_orbital_arc_furnace.txt,megastructures,,,C:/Users/Admin/Documents/GIT/GameMods/StellarisMods/mods/StellarAIDirector/common/megastructures/zzzz_staid_03_megastructures_megastructures.txt
asteroid_manufactory_0,megastructure,1121692237,Gigastructural Engineering & More (4.4),common/megastructures/zz_c_asteroid_manufactory.txt,yes,yes,ai_signal_present,,,,,potential,,,,,prerequisite_only,opening,early_kilo_economy_core;mega_engineering_core,parent_ai_partial,needs_route_policy,build,ok,early_kilo_economy_core,125000,03_megastructures,C:\Users\Admin\Documents\GIT\GameMods\StellarisMods\research\mod-source-snapshots\2026-07-04\1121692237-gigastructural-engineering-more-44\common\megastructures\zz_c_asteroid_manufactory.txt,megastructures,,,C:/Users/Admin/Documents/GIT/GameMods/StellarisMods/mods/StellarAIDirector/common/megastructures/zzzz_staid_03_megastructures_megastructures.txt
macro_test_site_0,megastructure,1121692237,Gigastructural Engineering & More (4.4),common/megastructures/zz_c_macroengineering_test_site.txt,yes,yes,ai_signal_present,,,,giga_tech_engineering_test_site,possible;potential;trigger,is_currently_building_macro_test_site;megabase_capped_u;megabase_disabled,,macro_test_site_1,,prerequisite_only,opening,mega_engineering_core;science_kilo_snowball_core,parent_ai_partial,needs_route_policy,build,ok,science_kilo_snowball_core,145000,03_megastructures,C:\Users\Admin\Documents\GIT\GameMods\StellarisMods\research\mod-source-snapshots\2026-07-04\1121692237-gigastructural-engineering-more-44\common\megastructures\zz_c_macroengineering_test_site.txt,megastructures,,,C:/Users/Admin/Documents/GIT/GameMods/StellarisMods/mods/StellarAIDirector/common/megastructures/zzzz_staid_03_megastructures_megastructures.txt
macro_test_site_1,megastructure,1121692237,Gigastructural Engineering & More (4.4),common/megastructures/zz_c_macroengineering_test_site.txt,yes,yes,ai_signal_present,,,,,possible;potential;trigger,megabase_disabled,macro_test_site_0,macro_test_site_2,,prerequisite_only,opening,mega_engineering_core;science_kilo_snowball_core,parent_ai_partial,needs_route_policy,build,ok,science_kilo_snowball_core,160000,03_megastructures,C:\Users\Admin\Documents\GIT\GameMods\StellarisMods\research\mod-source-snapshots\2026-07-04\1121692237-gigastructural-engineering-more-44\common\megastructures\zz_c_macroengineering_test_site.txt,megastructures,,,C:/Users/Admin/Documents/GIT/GameMods/StellarisMods/mods/StellarAIDirector/common/megastructures/zzzz_staid_03_megastructures_megastructures.txt
macro_test_site_2,megastructure,1121692237,Gigastructural Engineering & More (4.4),common/megastructures/zz_c_macroengineering_test_site.txt,yes,yes,ai_signal_present,,,,,possible;potential;trigger,megabase_disabled,macro_test_site_1,macro_test_site_3,,prerequisite_only,opening,mega_engineering_core;science_kilo_snowball_core,parent_ai_partial,needs_route_policy,build,ok,science_kilo_snowball_core,175000,03_megastructures,C:\Users\Admin\Documents\GIT\GameMods\StellarisMods\research\mod-source-snapshots\2026-07-04\1121692237-gigastructural-engineering-more-44\common\megastructures\zz_c_macroengineering_test_site.txt,megastructures,,,C:/Users/Admin/Documents/GIT/GameMods/StellarisMods/mods/StellarAIDirector/common/megastructures/zzzz_staid_03_megastructures_megastructures.txt
macro_test_site_3,megastructure,1121692237,Gigastructural Engineering & More (4.4),common/megastructures/zz_c_macroengineering_test_site.txt,yes,yes,ai_signal_present,,,,,possible;potential;trigger,giga_achievement_55;giga_achievements_disabled;megabase_disabled,macro_test_site_2,,,prerequisite_only,opening,mega_engineering_core;science_kilo_snowball_core,parent_ai_partial,needs_route_policy,build,ok,science_kilo_snowball_core,190000,03_megastructures,C:\Users\Admin\Documents\GIT\GameMods\StellarisMods\research\mod-source-snapshots\2026-07-04\1121692237-gigastructural-engineering-more-44\common\megastructures\zz_c_macroengineering_test_site.txt,megastructures,,,C:/Users/Admin/Documents/GIT/GameMods/StellarisMods/mods/StellarAIDirector/common/megastructures/zzzz_staid_03_megastructures_megastructures.txt
atmosphere_shredder_0,megastructure,1121692237,Gigastructural Engineering & More (4.4),common/megastructures/zz_c_atmospheric_storm_observatory.txt,yes,yes,ai_signal_present,,,,giga_tech_macro_scale_weather_manipulation,possible;potential;trigger,is_currently_building_atmosphere_shredder;storm_observatory_capped_u;storm_observatory_disabled,,atmosphere_shredder_1,,prerequisite_only,opening,mega_engineering_core;science_kilo_snowball_core,parent_ai_partial,needs_route_policy,build,ok,science_kilo_snowball_core,150000,03_megastructures,C:\Users\Admin\Documents\GIT\GameMods\StellarisMods\research\mod-source-snapshots\2026-07-04\1121692237-gigastructural-engineering-more-44\common\megastructures\zz_c_atmospheric_storm_observatory.txt,megastructures,,,C:/Users/Admin/Documents/GIT/GameMods/StellarisMods/mods/StellarAIDirector/common/megastructures/zzzz_staid_03_megastructures_megastructures.txt
atmosphere_shredder_1,megastructure,1121692237,Gigastructural Engineering & More (4.4),common/megastructures/zz_c_atmospheric_storm_observatory.txt,yes,yes,ai_signal_present,,,,,possible;potential;trigger,storm_observatory_disabled,atmosphere_shredder_0,atmosphere_shredder_2,,prerequisite_only,opening,mega_engineering_core;science_kilo_snowball_core,parent_ai_partial,needs_route_policy,build,ok,science_kilo_snowball_core,165000,03_megastructures,C:\Users\Admin\Documents\GIT\GameMods\StellarisMods\research\mod-source-snapshots\2026-07-04\1121692237-gigastructural-engineering-more-44\common\megastructures\zz_c_atmospheric_storm_observatory.txt,megastructures,,,C:/Users/Admin/Documents/GIT/GameMods/StellarisMods/mods/StellarAIDirector/common/megastructures/zzzz_staid_03_megastructures_megastructures.txt
atmosphere_shredder_2,megastructure,1121692237,Gigastructural Engineering & More (4.4),common/megastructures/zz_c_atmospheric_storm_observatory.txt,yes,yes,ai_signal_present,,,,,possible;potential;trigger,storm_observatory_disabled,atmosphere_shredder_1,atmosphere_shredder_3,,prerequisite_only,opening,mega_engineering_core;science_kilo_snowball_core,parent_ai_partial,needs_route_policy,build,ok,science_kilo_snowball_core,180000,03_megastructures,C:\Users\Admin\Documents\GIT\GameMods\StellarisMods\research\mod-source-snapshots\2026-07-04\1121692237-gigastructural-engineering-more-44\common\megastructures\zz_c_atmospheric_storm_observatory.txt,megastructures,,,C:/Users/Admin/Documents/GIT/GameMods/StellarisMods/mods/StellarAIDirector/common/megastructures/zzzz_staid_03_megastructures_megastructures.txt
atmosphere_shredder_3,megastructure,1121692237,Gigastructural Engineering & More (4.4),common/megastructures/zz_c_atmospheric_storm_observatory.txt,yes,yes,ai_signal_present,,,,,possible;potential;trigger,giga_achievement_53;giga_achievements_disabled;storm_observatory_disabled,atmosphere_shredder_2,,,prerequisite_only,opening,mega_engineering_core;science_kilo_snowball_core,parent_ai_partial,needs_route_policy,build,ok,science_kilo_snowball_core,195000,03_megastructures,C:\Users\Admin\Documents\GIT\GameMods\StellarisMods\research\mod-source-snapshots\2026-07-04\1121692237-gigastructural-engineering-more-44\common\megastructures\zz_c_atmospheric_storm_observatory.txt,megastructures,,,C:/Users/Admin/Documents/GIT/GameMods/StellarisMods/mods/StellarAIDirector/common/megastructures/zzzz_staid_03_megastructures_megastructures.txt
think_tank_0,megastructure,1121692237,Gigastructural Engineering & More (4.4),common/megastructures/zz_e_science_nexus.txt,yes,yes,ai_signal_present,,,,tech_science_nexus,possible;potential,built_think_tank;vanilla_nexus_capped_u;vanilla_nexus_disabled,,think_tank_1,,prerequisite_only,opening,mega_engineering_core;research_megastructure_core,parent_ai_partial,needs_route_policy,build,ok,research_megastructure_core,155000,03_megastructures,C:\Users\Admin\Documents\GIT\GameMods\StellarisMods\research\mod-source-snapshots\2026-07-04\1121692237-gigastructural-engineering-more-44\common\megastructures\zz_e_science_nexus.txt,megastructures,,,C:/Users/Admin/Documents/GIT/GameMods/StellarisMods/mods/StellarAIDirector/common/megastructures/zzzz_staid_03_megastructures_megastructures.txt
think_tank_1,megastructure,1121692237,Gigastructural Engineering & More (4.4),common/megastructures/zz_e_science_nexus.txt,yes,yes,ai_signal_present,,,,tech_science_nexus,,,think_tank_0,think_tank_2,,prerequisite_only,opening,mega_engineering_core;research_megastructure_core,parent_ai_partial,needs_route_policy,build,ok,research_megastructure_core,170000,03_megastructures,C:\Users\Admin\Documents\GIT\GameMods\StellarisMods\research\mod-source-snapshots\2026-07-04\1121692237-gigastructural-engineering-more-44\common\megastructures\zz_e_science_nexus.txt,megastructures,,,C:/Users/Admin/Documents/GIT/GameMods/StellarisMods/mods/StellarAIDirector/common/megastructures/zzzz_staid_03_megastructures_megastructures.txt
think_tank_2,megastructure,1121692237,Gigastructural Engineering & More (4.4),common/megastructures/zz_e_science_nexus.txt,yes,yes,ai_signal_present,,,,tech_science_nexus,,,think_tank_1,think_tank_3,,prerequisite_only,opening,mega_engineering_core;research_megastructure_core,parent_ai_partial,needs_route_policy,build,ok,research_megastructure_core,185000,03_megastructures,C:\Users\Admin\Documents\GIT\GameMods\StellarisMods\research\mod-source-snapshots\2026-07-04\1121692237-gigastructural-engineering-more-44\common\megastructures\zz_e_science_nexus.txt,megastructures,,,C:/Users/Admin/Documents/GIT/GameMods/StellarisMods/mods/StellarAIDirector/common/megastructures/zzzz_staid_03_megastructures_megastructures.txt
think_tank_3,megastructure,1121692237,Gigastructural Engineering & More (4.4),common/megastructures/zz_e_science_nexus.txt,yes,yes,ai_signal_present,,,,tech_science_nexus,,has_built_or_repaired_megastructure,think_tank_2,think_tank_4,,prerequisite_only,opening,mega_engineering_core;research_megastructure_core,parent_ai_partial,needs_route_policy,build,ok,research_megastructure_core,200000,03_megastructures,C:\Users\Admin\Documents\GIT\GameMods\StellarisMods\research\mod-source-snapshots\2026-07-04\1121692237-gigastructural-engineering-more-44\common\megastructures\zz_e_science_nexus.txt,megastructures,,,C:/Users/Admin/Documents/GIT/GameMods/StellarisMods/mods/StellarAIDirector/common/megastructures/zzzz_staid_03_megastructures_megastructures.txt
ring_world_1,megastructure,1121692237,Gigastructural Engineering & More (4.4),common/megastructures/zz_e_ring_world.txt,yes,yes,ai_signal_present,,,,tech_ring_world,possible;potential,giga_started_ringworld;vanilla_ringworld_capped_u;vanilla_ringworld_disabled,,ring_world_2_intermediate,,prerequisite_only,opening,mega_engineering_core;ring_world_growth_core,parent_ai_partial,needs_route_policy,build,ok,ring_world_growth_core,145000,03_megastructures,C:\Users\Admin\Documents\GIT\GameMods\StellarisMods\research\mod-source-snapshots\2026-07-04\1121692237-gigastructural-engineering-more-44\common\megastructures\zz_e_ring_world.txt,megastructures,,,C:/Users/Admin/Documents/GIT/GameMods/StellarisMods/mods/StellarAIDirector/common/megastructures/zzzz_staid_03_megastructures_megastructures.txt
ring_world_2_intermediate,megastructure,1121692237,Gigastructural Engineering & More (4.4),common/megastructures/zz_e_ring_world.txt,yes,yes,ai_signal_present,,,,tech_ring_world,possible,,ring_world_1,ring_world_2,,prerequisite_only,opening,mega_engineering_core;ring_world_growth_core,parent_ai_partial,needs_route_policy,build,ok,ring_world_growth_core,160000,03_megastructures,C:\Users\Admin\Documents\GIT\GameMods\StellarisMods\research\mod-source-snapshots\2026-07-04\1121692237-gigastructural-engineering-more-44\common\megastructures\zz_e_ring_world.txt,megastructures,,,C:/Users/Admin/Documents/GIT/GameMods/StellarisMods/mods/StellarAIDirector/common/megastructures/zzzz_staid_03_megastructures_megastructures.txt
ring_world_3_intermediate,megastructure,1121692237,Gigastructural Engineering & More (4.4),common/megastructures/zz_e_ring_world.txt,yes,yes,ai_signal_present,,,,tech_ring_world,,has_built_or_repaired_megastructure,ring_world_2,,,prerequisite_only,opening,mega_engineering_core;ring_world_growth_core,parent_ai_partial,needs_route_policy,build,ok,ring_world_growth_core,175000,03_megastructures,C:\Users\Admin\Documents\GIT\GameMods\StellarisMods\research\mod-source-snapshots\2026-07-04\1121692237-gigastructural-engineering-more-44\common\megastructures\zz_e_ring_world.txt,megastructures,,,C:/Users/Admin/Documents/GIT/GameMods/StellarisMods/mods/StellarAIDirector/common/megastructures/zzzz_staid_03_megastructures_megastructures.txt
kugelblitz_0,megastructure,1121692237,Gigastructural Engineering & More (4.4),common/megastructures/zz_c_kugelblitz.txt,yes,yes,ai_signal_present,,,,giga_tech_kugelblitz,possible;potential,is_currently_building_kugelblitz;kugel_capped_u;kugel_disabled,,kugelblitz_1,,prerequisite_only,opening,mega_engineering_core;storage_cap_core,parent_ai_partial,needs_route_policy,build,ok,storage_cap_core,125000,03_megastructures,C:\Users\Admin\Documents\GIT\GameMods\StellarisMods\research\mod-source-snapshots\2026-07-04\1121692237-gigastructural-engineering-more-44\common\megastructures\zz_c_kugelblitz.txt,megastructures,,,C:/Users/Admin/Documents/GIT/GameMods/StellarisMods/mods/StellarAIDirector/common/megastructures/zzzz_staid_03_megastructures_megastructures.txt
kugelblitz_1,megastructure,1121692237,Gigastructural Engineering & More (4.4),common/megastructures/zz_c_kugelblitz.txt,yes,yes,ai_signal_present,,,,,possible;potential,giga_achievement_64;giga_achievements_disabled;kugel_disabled,kugelblitz_0;kugelblitz_restored,kugelblitz_2,,prerequisite_only,opening,mega_engineering_core;storage_cap_core,parent_ai_partial,needs_route_policy,build,ok,storage_cap_core,150000,03_megastructures,C:\Users\Admin\Documents\GIT\GameMods\StellarisMods\research\mod-source-snapshots\2026-07-04\1121692237-gigastructural-engineering-more-44\common\megastructures\zz_c_kugelblitz.txt,megastructures,,,C:/Users/Admin/Documents/GIT/GameMods/StellarisMods/mods/StellarAIDirector/common/megastructures/zzzz_staid_03_megastructures_megastructures.txt
kugelblitz_2,megastructure,1121692237,Gigastructural Engineering & More (4.4),common/megastructures/zz_c_kugelblitz.txt,yes,yes,ai_signal_present,,,,,possible;potential,giga_achievement_64;giga_achievements_disabled;has_built_or_repaired_megastructure;kugel_disabled,kugelblitz_1,kugelblitz_3,,prerequisite_only,opening,mega_engineering_core;storage_cap_core,parent_ai_partial,needs_route_policy,build,ok,storage_cap_core,170000,03_megastructures,C:\Users\Admin\Documents\GIT\GameMods\StellarisMods\research\mod-source-snapshots\2026-07-04\1121692237-gigastructural-engineering-more-44\common\megastructures\zz_c_kugelblitz.txt,megastructures,,,C:/Users/Admin/Documents/GIT/GameMods/StellarisMods/mods/StellarAIDirector/common/megastructures/zzzz_staid_03_megastructures_megastructures.txt
kugelblitz_3,megastructure,1121692237,Gigastructural Engineering & More (4.4),common/megastructures/zz_c_kugelblitz.txt,yes,yes,ai_signal_present,,,,,possible;potential,giga_achievement_64;giga_achievements_disabled;has_built_or_repaired_megastructure;kugel_disabled,kugelblitz_2,,,prerequisite_only,opening,mega_engineering_core;storage_cap_core,parent_ai_partial,needs_route_policy,build,ok,storage_cap_core,190000,03_megastructures,C:\Users\Admin\Documents\GIT\GameMods\StellarisMods\research\mod-source-snapshots\2026-07-04\1121692237-gigastructural-engineering-more-44\common\megastructures\zz_c_kugelblitz.txt,megastructures,,,C:/Users/Admin/Documents/GIT/GameMods/StellarisMods/mods/StellarAIDirector/common/megastructures/zzzz_staid_03_megastructures_megastructures.txt
habitat_central_complex,megastructure,1121692237,Gigastructural Engineering & More (4.4),common/megastructures/zz_b_habitats.txt,yes,yes,ai_signal_present,,,,,possible;potential,has_recently_built_habitat,,,,prerequisite_only,opening,crowded_tall_route;mega_engineering_core,parent_ai_partial,needs_route_policy,build,ok,crowded_tall_route,125000,03_megastructures,C:\Users\Admin\Documents\GIT\GameMods\StellarisMods\research\mod-source-snapshots\2026-07-04\1121692237-gigastructural-engineering-more-44\common\megastructures\zz_b_habitats.txt,megastructures,,,C:/Users/Admin/Documents/GIT/GameMods/StellarisMods/mods/StellarAIDirector/common/megastructures/zzzz_staid_03_megastructures_megastructures.txt
interstellar_habitat_0,megastructure,1121692237,Gigastructural Engineering & More (4.4),common/megastructures/zz_e_interstellar_habitat.txt,yes,yes,ai_signal_present,,,,giga_tech_interstellar_habitat,possible;potential,giga_started_i_ringworld;stellarhabitat_capped_u;stellarhabitat_disabled,,interstellar_habitat_1,,prerequisite_only,opening,crowded_tall_route;mega_engineering_core,parent_ai_partial,needs_route_policy,build,ok,crowded_tall_route,145000,03_megastructures,C:\Users\Admin\Documents\GIT\GameMods\StellarisMods\research\mod-source-snapshots\2026-07-04\1121692237-gigastructural-engineering-more-44\common\megastructures\zz_e_interstellar_habitat.txt,megastructures,,,C:/Users/Admin/Documents/GIT/GameMods/StellarisMods/mods/StellarAIDirector/common/megastructures/zzzz_staid_03_megastructures_megastructures.txt
stellar_ring_habitat_0,megastructure,1121692237,Gigastructural Engineering & More (4.4),common/megastructures/zz_e_stellar_ring_habitat.txt,yes,yes,ai_signal_present,,,,giga_tech_stellar_ring_habitat,possible,,,stellar_ring_habitat_1,,prerequisite_only,opening,crowded_tall_route;mega_engineering_core,parent_ai_partial,needs_route_policy,build,ok,crowded_tall_route,145000,03_megastructures,C:\Users\Admin\Documents\GIT\GameMods\StellarisMods\research\mod-source-snapshots\2026-07-04\1121692237-gigastructural-engineering-more-44\common\megastructures\zz_e_stellar_ring_habitat.txt,megastructures,,,C:/Users/Admin/Documents/GIT/GameMods/StellarisMods/mods/StellarAIDirector/common/megastructures/zzzz_staid_03_megastructures_megastructures.txt
planetary_computer_0,megastructure,1121692237,Gigastructural Engineering & More (4.4),common/megastructures/zz_e_planetary_computer.txt,yes,yes,ai_signal_present,,,,giga_tech_planetary_computer,possible;potential,planetary_computer_capped_u;planetary_computer_disabled,,planetary_computer_1,,prerequisite_only,opening,mega_engineering_core;planetary_computer_research_core,parent_ai_partial,needs_route_policy,build,ok,planetary_computer_research_core,175000,03_megastructures,C:\Users\Admin\Documents\GIT\GameMods\StellarisMods\research\mod-source-snapshots\2026-07-04\1121692237-gigastructural-engineering-more-44\common\megastructures\zz_e_planetary_computer.txt,megastructures,,,C:/Users/Admin/Documents/GIT/GameMods/StellarisMods/mods/StellarAIDirector/common/megastructures/zzzz_staid_03_megastructures_megastructures.txt
planetary_computer_1,megastructure,1121692237,Gigastructural Engineering & More (4.4),common/megastructures/zz_e_planetary_computer.txt,yes,yes,ai_signal_present,,,,,possible;potential,planetary_computer_disabled,planetary_computer_0,planetary_computer_2,,prerequisite_only,opening,mega_engineering_core;planetary_computer_research_core,parent_ai_partial,needs_route_policy,build,ok,planetary_computer_research_core,190000,03_megastructures,C:\Users\Admin\Documents\GIT\GameMods\StellarisMods\research\mod-source-snapshots\2026-07-04\1121692237-gigastructural-engineering-more-44\common\megastructures\zz_e_planetary_computer.txt,megastructures,,,C:/Users/Admin/Documents/GIT/GameMods/StellarisMods/mods/StellarAIDirector/common/megastructures/zzzz_staid_03_megastructures_megastructures.txt
mega_shipyard_0,megastructure,1121692237,Gigastructural Engineering & More (4.4),common/megastructures/zz_e_mega_shipyard.txt,no,yes,ai_signal_present,,,,tech_mega_shipyard,possible;potential,built_mega_shipyard_site;vanilla_shipyard_capped_u;vanilla_shipyard_disabled,,mega_shipyard_1,,prerequisite_only,midgame,mega_engineering_core;mega_shipyard_core,parent_ai_partial,needs_route_policy,build,ok,mega_shipyard_core,150000,03_megastructures,C:\Users\Admin\Documents\GIT\GameMods\StellarisMods\research\mod-source-snapshots\2026-07-04\1121692237-gigastructural-engineering-more-44\common\megastructures\zz_e_mega_shipyard.txt,megastructures,,,C:/Users/Admin/Documents/GIT/GameMods/StellarisMods/mods/StellarAIDirector/common/megastructures/zzzz_staid_03_megastructures_megastructures.txt
matrioshka_brain_0_g_star,megastructure,1121692237,Gigastructural Engineering & More (4.4),common/megastructures/zz_i_matrioshka_brain_revised.txt,yes,yes,ai_signal_present,,,,giga_tech_matrioshka_brain_1,possible;potential,giga_matroishka_scaling;matrioshka_brain_capped_u;matrioshka_brain_disabled,,,,economy_multiplier,opening,apex_site_preservation_core;economy_megastructure_core;mega_engineering_core,parent_ai_partial,needs_route_policy,build,ok,economy_megastructure_core,145000,03_megastructures,C:\Users\Admin\Documents\GIT\GameMods\StellarisMods\research\mod-source-snapshots\2026-07-04\1121692237-gigastructural-engineering-more-44\common\megastructures\zz_i_matrioshka_brain_revised.txt,megastructures,,,C:/Users/Admin/Documents/GIT/GameMods/StellarisMods/mods/StellarAIDirector/common/megastructures/zzzz_staid_03_megastructures_megastructures.txt
matrioshka_brain_0_o_star,megastructure,1121692237,Gigastructural Engineering & More (4.4),common/megastructures/zz_i_matrioshka_brain_revised.txt,yes,no,,,,,,,,,,,economy_multiplier,opening,apex_site_preservation_core;economy_megastructure_core;mega_engineering_core,parent_ai_absent,needs_route_policy,build,ok,apex_site_preservation_core,230000,03_megastructures,C:\Users\Admin\Documents\GIT\GameMods\StellarisMods\research\mod-source-snapshots\2026-07-04\1121692237-gigastructural-engineering-more-44\common\megastructures\zz_i_matrioshka_brain_revised.txt,megastructures,,,C:/Users/Admin/Documents/GIT/GameMods/StellarisMods/mods/StellarAIDirector/common/megastructures/zzzz_staid_03_megastructures_megastructures.txt
dyson_sphere_0_o_star,megastructure,1121692237,Gigastructural Engineering & More (4.4),common/megastructures/zz_e_dyson_sphere_o_star.txt,yes,no,,,,,,potential,,dyson_sphere_0,dyson_sphere_1_o_star,,economy_multiplier,opening,apex_site_preservation_core;economy_megastructure_core;mega_engineering_core,parent_ai_absent,needs_route_policy,build,ok,apex_site_preservation_core,45000,03_megastructures,C:\Users\Admin\Documents\GIT\GameMods\StellarisMods\research\mod-source-snapshots\2026-07-04\1121692237-gigastructural-engineering-more-44\common\megastructures\zz_e_dyson_sphere_o_star.txt,megastructures,,,C:/Users/Admin/Documents/GIT/GameMods/StellarisMods/mods/StellarAIDirector/common/megastructures/zzzz_staid_03_megastructures_megastructures.txt
neutronium_gigaforge_0,megastructure,1121692237,Gigastructural Engineering & More (4.4),common/megastructures/zz_e_neutronium_gigaforge.txt,yes,yes,ai_signal_present,,,,giga_tech_neutronium_gigaforge,possible;potential,gigaforge_capped_u;gigaforge_disabled,,neutronium_gigaforge_1,,economy_multiplier,midgame,apex_site_preservation_core;economy_megastructure_core;mega_engineering_core,parent_ai_partial,needs_route_policy,build,ok,apex_site_preservation_core,210000,03_megastructures,C:\Users\Admin\Documents\GIT\GameMods\StellarisMods\research\mod-source-snapshots\2026-07-04\1121692237-gigastructural-engineering-more-44\common\megastructures\zz_e_neutronium_gigaforge.txt,megastructures,,,C:/Users/Admin/Documents/GIT/GameMods/StellarisMods/mods/StellarAIDirector/common/megastructures/zzzz_staid_03_megastructures_megastructures.txt
nidavellir_forge_0,megastructure,1121692237,Gigastructural Engineering & More (4.4),common/megastructures/zz_i_nidavellir_forge.txt,yes,yes,ai_signal_present,,,,giga_tech_nidavellir,possible;potential,nidavellir_capped_u;nidavellir_disabled,,nidavellir_forge_1,,economy_multiplier,opening,apex_site_preservation_core;economy_megastructure_core;mega_engineering_core,parent_ai_partial,needs_route_policy,build,ok,apex_site_preservation_core,220000,03_megastructures,C:\Users\Admin\Documents\GIT\GameMods\StellarisMods\research\mod-source-snapshots\2026-07-04\1121692237-gigastructural-engineering-more-44\common\megastructures\zz_i_nidavellir_forge.txt,megastructures,,,C:/Users/Admin/Documents/GIT/GameMods/StellarisMods/mods/StellarAIDirector/common/megastructures/zzzz_staid_03_megastructures_megastructures.txt
planetcraft_printer_0,megastructure,1121692237,Gigastructural Engineering & More (4.4),common/megastructures/zz_i_behemoth_assembly_plant.txt,yes,yes,ai_signal_present,,,,giga_tech_planet_assembly,possible;potential,pangalactic_defense_league;warplanet_disabled,,planetcraft_printer_1_fake,,direct_combat_power,planetcraft,fallen_empire_benchmark_route;mega_engineering_core;planetcraft_route,parent_ai_partial,needs_route_policy,build,ok,planetcraft_route,180000,03_megastructures,C:\Users\Admin\Documents\GIT\GameMods\StellarisMods\research\mod-source-snapshots\2026-07-04\1121692237-gigastructural-engineering-more-44\common\megastructures\zz_i_behemoth_assembly_plant.txt,megastructures,,,C:/Users/Admin/Documents/GIT/GameMods/StellarisMods/mods/StellarAIDirector/common/megastructures/zzzz_staid_03_megastructures_megastructures.txt
war_moon_0,megastructure,1121692237,Gigastructural Engineering & More (4.4),common/megastructures/zz_e_attack_moon.txt,yes,yes,ai_signal_present,,,,giga_tech_war_moon_2,possible;potential,pangalactic_defense_league;warmoon_capped_u;warmoon_disabled,,war_moon_1,,direct_combat_power,planetcraft,conquest_escape_route;mega_engineering_core;war_moon_route,parent_ai_partial,needs_route_policy,build,ok,war_moon_route,165000,03_megastructures,C:\Users\Admin\Documents\GIT\GameMods\StellarisMods\research\mod-source-snapshots\2026-07-04\1121692237-gigastructural-engineering-more-44\common\megastructures\zz_e_attack_moon.txt,megastructures,,,C:/Users/Admin/Documents/GIT/GameMods/StellarisMods/mods/StellarAIDirector/common/megastructures/zzzz_staid_03_megastructures_megastructures.txt
war_system_0,megastructure,1121692237,Gigastructural Engineering & More (4.4),common/megastructures/zz_i_stellar_systemcraft.txt,yes,yes,ai_signal_present,,,,giga_tech_war_system_1,possible;potential,systemcraft_capped_u;systemcraft_disabled,,war_system_1,,prerequisite_only,systemcraft,conquest_escape_route;mega_engineering_core;systemcraft_route,parent_ai_partial,needs_route_policy,build,ok,systemcraft_route,200000,03_megastructures,C:\Users\Admin\Documents\GIT\GameMods\StellarisMods\research\mod-source-snapshots\2026-07-04\1121692237-gigastructural-engineering-more-44\common\megastructures\zz_i_stellar_systemcraft.txt,megastructures,,,C:/Users/Admin/Documents/GIT/GameMods/StellarisMods/mods/StellarAIDirector/common/megastructures/zzzz_staid_03_megastructures_megastructures.txt
esc_starbase_reactor,starbase_building,2648658105,Extra Ship Components NEXT,common/starbase_buildings/esc_starbase_buildings.txt,yes,yes,ai_signal_present,,,,,possible;potential,,,,,defensive_infrastructure,opening,crowded_tall_route;esc_component_route,parent_ai_complete,needs_route_policy,supplement_prerequisites,ok,fallen_empire_benchmark_route,75000,05_starbase_defense,C:\Users\Admin\Documents\GIT\GameMods\StellarisMods\research\mod-source-snapshots\2026-07-04\2648658105-extra-ship-components-next\common\starbase_buildings\esc_starbase_buildings.txt,starbase_buildings,,,C:/Users/Admin/Documents/GIT/GameMods/StellarisMods/mods/StellarAIDirector/common/starbase_buildings/zzzz_staid_05_starbase_defense_starbase_buildings.txt
adv_starbase_defenses,starbase_building,683230077,NSC3,common/starbase_buildings/nsc_starbase_buildings.txt,yes,yes,ai_signal_present,,,,,potential,,,,,defensive_infrastructure,opening,crowded_tall_route,parent_ai_complete,needs_route_policy,supplement_prerequisites,ok,fallen_empire_benchmark_route,110000,05_starbase_defense,C:\Users\Admin\Documents\GIT\GameMods\StellarisMods\research\mod-source-snapshots\2026-07-04\683230077-nsc3\common\starbase_buildings\nsc_starbase_buildings.txt,starbase_buildings,,,C:/Users/Admin/Documents/GIT/GameMods/StellarisMods/mods/StellarAIDirector/common/starbase_buildings/zzzz_staid_05_starbase_defense_starbase_buildings.txt
reinforced_defenses,starbase_building,3250900527,Starbase Extended 3.0,common/starbase_buildings/sbx_3_0_buildings.txt,yes,yes,ai_signal_present,,,,,potential,,,,,defensive_infrastructure,opening,crowded_tall_route,parent_ai_complete,needs_route_policy,supplement_prerequisites,ok,fallen_empire_benchmark_route,105000,05_starbase_defense,C:\Users\Admin\Documents\GIT\GameMods\StellarisMods\research\mod-source-snapshots\2026-07-04\3250900527-starbase-extended-30\common\starbase_buildings\sbx_3_0_buildings.txt,starbase_buildings,,,C:/Users/Admin/Documents/GIT/GameMods/StellarisMods/mods/StellarAIDirector/common/starbase_buildings/zzzz_staid_05_starbase_defense_starbase_buildings.txt
strategic_defenses,starbase_building,3250900527,Starbase Extended 3.0,common/starbase_buildings/sbx_3_0_buildings.txt,yes,yes,ai_signal_present,,,,,potential,,,,,defensive_infrastructure,opening,crowded_tall_route,parent_ai_complete,needs_route_policy,supplement_prerequisites,ok,fallen_empire_benchmark_route,120000,05_starbase_defense,C:\Users\Admin\Documents\GIT\GameMods\StellarisMods\research\mod-source-snapshots\2026-07-04\3250900527-starbase-extended-30\common\starbase_buildings\sbx_3_0_buildings.txt,starbase_buildings,,,C:/Users/Admin/Documents/GIT/GameMods/StellarisMods/mods/StellarAIDirector/common/starbase_buildings/zzzz_staid_05_starbase_defense_starbase_buildings.txt
gun_battery,starbase_module,3250900527,Starbase Extended 3.0,common/starbase_modules/sbx_3_0_starbase_modules.txt,yes,yes,ai_signal_present,,,,,potential,,,,,defensive_infrastructure,opening,,parent_ai_complete,parent_ai_ok,supplement_prerequisites,ok,fallen_empire_benchmark_route,90000,05_starbase_defense,C:\Users\Admin\Documents\GIT\GameMods\StellarisMods\research\mod-source-snapshots\2026-07-04\3250900527-starbase-extended-30\common\starbase_modules\sbx_3_0_starbase_modules.txt,starbase_modules,,,C:/Users/Admin/Documents/GIT/GameMods/StellarisMods/mods/StellarAIDirector/common/starbase_modules/zzzz_staid_05_starbase_defense_starbase_modules.txt
missile_battery,starbase_module,3250900527,Starbase Extended 3.0,common/starbase_modules/sbx_3_0_starbase_modules.txt,yes,yes,ai_signal_present,,,,,potential,,,,,defensive_infrastructure,opening,,parent_ai_complete,parent_ai_ok,supplement_prerequisites,ok,fallen_empire_benchmark_route,90000,05_starbase_defense,C:\Users\Admin\Documents\GIT\GameMods\StellarisMods\research\mod-source-snapshots\2026-07-04\3250900527-starbase-extended-30\common\starbase_modules\sbx_3_0_starbase_modules.txt,starbase_modules,,,C:/Users/Admin/Documents/GIT/GameMods/StellarisMods/mods/StellarAIDirector/common/starbase_modules/zzzz_staid_05_starbase_defense_starbase_modules.txt
hangar_bay,starbase_module,3250900527,Starbase Extended 3.0,common/starbase_modules/sbx_3_0_starbase_modules.txt,yes,yes,ai_signal_present,,,,,potential,,,,,defensive_infrastructure,opening,,parent_ai_complete,parent_ai_ok,supplement_prerequisites,ok,fallen_empire_benchmark_route,95000,05_starbase_defense,C:\Users\Admin\Documents\GIT\GameMods\StellarisMods\research\mod-source-snapshots\2026-07-04\3250900527-starbase-extended-30\common\starbase_modules\sbx_3_0_starbase_modules.txt,starbase_modules,,,C:/Users/Admin/Documents/GIT/GameMods/StellarisMods/mods/StellarAIDirector/common/starbase_modules/zzzz_staid_05_starbase_defense_starbase_modules.txt
large_battery,starbase_module,3250900527,Starbase Extended 3.0,common/starbase_modules/sbx_3_0_starbase_modules.txt,yes,yes,ai_signal_present,,,,,potential,,,,,defensive_infrastructure,opening,,parent_ai_complete,parent_ai_ok,supplement_prerequisites,ok,fallen_empire_benchmark_route,105000,05_starbase_defense,C:\Users\Admin\Documents\GIT\GameMods\StellarisMods\research\mod-source-snapshots\2026-07-04\3250900527-starbase-extended-30\common\starbase_modules\sbx_3_0_starbase_modules.txt,starbase_modules,,,C:/Users/Admin/Documents/GIT/GameMods/StellarisMods/mods/StellarAIDirector/common/starbase_modules/zzzz_staid_05_starbase_defense_starbase_modules.txt
armor_module,starbase_module,3250900527,Starbase Extended 3.0,common/starbase_modules/sbx_3_0_starbase_modules.txt,yes,yes,ai_signal_present,,,,,potential,,,,,defensive_infrastructure,opening,,parent_ai_complete,parent_ai_ok,supplement_prerequisites,ok,fallen_empire_benchmark_route,80000,05_starbase_defense,C:\Users\Admin\Documents\GIT\GameMods\StellarisMods\research\mod-source-snapshots\2026-07-04\3250900527-starbase-extended-30\common\starbase_modules\sbx_3_0_starbase_modules.txt,starbase_modules,,,C:/Users/Admin/Documents/GIT/GameMods/StellarisMods/mods/StellarAIDirector/common/starbase_modules/zzzz_staid_05_starbase_defense_starbase_modules.txt
orbital_ring_gun_battery,starbase_module,3250900527,Starbase Extended 3.0,common/starbase_modules/sbx_3_0_orbital_ring_modules.txt,yes,yes,ai_signal_present,,,,,potential,,,,,defensive_infrastructure,opening,crowded_tall_route,parent_ai_complete,needs_route_policy,supplement_prerequisites,ok,fallen_empire_benchmark_route,80000,05_starbase_defense,C:\Users\Admin\Documents\GIT\GameMods\StellarisMods\research\mod-source-snapshots\2026-07-04\3250900527-starbase-extended-30\common\starbase_modules\sbx_3_0_orbital_ring_modules.txt,starbase_modules,,,C:/Users/Admin/Documents/GIT/GameMods/StellarisMods/mods/StellarAIDirector/common/starbase_modules/zzzz_staid_05_starbase_defense_starbase_modules.txt
orbital_ring_missile_battery,starbase_module,3250900527,Starbase Extended 3.0,common/starbase_modules/sbx_3_0_orbital_ring_modules.txt,yes,yes,ai_signal_present,,,,,potential,,,,,defensive_infrastructure,opening,crowded_tall_route,parent_ai_complete,needs_route_policy,supplement_prerequisites,ok,fallen_empire_benchmark_route,80000,05_starbase_defense,C:\Users\Admin\Documents\GIT\GameMods\StellarisMods\research\mod-source-snapshots\2026-07-04\3250900527-starbase-extended-30\common\starbase_modules\sbx_3_0_orbital_ring_modules.txt,starbase_modules,,,C:/Users/Admin/Documents/GIT/GameMods/StellarisMods/mods/StellarAIDirector/common/starbase_modules/zzzz_staid_05_starbase_defense_starbase_modules.txt
orbital_ring_hangar_bay,starbase_module,3250900527,Starbase Extended 3.0,common/starbase_modules/sbx_3_0_orbital_ring_modules.txt,yes,yes,ai_signal_present,,,,,potential,,,,,defensive_infrastructure,opening,crowded_tall_route,parent_ai_complete,needs_route_policy,supplement_prerequisites,ok,fallen_empire_benchmark_route,85000,05_starbase_defense,C:\Users\Admin\Documents\GIT\GameMods\StellarisMods\research\mod-source-snapshots\2026-07-04\3250900527-starbase-extended-30\common\starbase_modules\sbx_3_0_orbital_ring_modules.txt,starbase_modules,,,C:/Users/Admin/Documents/GIT/GameMods/StellarisMods/mods/StellarAIDirector/common/starbase_modules/zzzz_staid_05_starbase_defense_starbase_modules.txt
orbital_ring_large_gun_battery,starbase_module,3250900527,Starbase Extended 3.0,common/starbase_modules/sbx_3_0_orbital_ring_modules.txt,yes,yes,ai_signal_present,,,,,potential,,,,,defensive_infrastructure,opening,crowded_tall_route,parent_ai_complete,needs_route_policy,supplement_prerequisites,ok,fallen_empire_benchmark_route,90000,05_starbase_defense,C:\Users\Admin\Documents\GIT\GameMods\StellarisMods\research\mod-source-snapshots\2026-07-04\3250900527-starbase-extended-30\common\starbase_modules\sbx_3_0_orbital_ring_modules.txt,starbase_modules,,,C:/Users/Admin/Documents/GIT/GameMods/StellarisMods/mods/StellarAIDirector/common/starbase_modules/zzzz_staid_05_starbase_defense_starbase_modules.txt
orbital_ring_armor_module,starbase_module,3250900527,Starbase Extended 3.0,common/starbase_modules/sbx_3_0_orbital_ring_modules.txt,yes,yes,ai_signal_present,,,,,potential,,,,,defensive_infrastructure,opening,crowded_tall_route,parent_ai_complete,needs_route_policy,supplement_prerequisites,ok,fallen_empire_benchmark_route,75000,05_starbase_defense,C:\Users\Admin\Documents\GIT\GameMods\StellarisMods\research\mod-source-snapshots\2026-07-04\3250900527-starbase-extended-30\common\starbase_modules\sbx_3_0_orbital_ring_modules.txt,starbase_modules,,,C:/Users/Admin/Documents/GIT/GameMods/StellarisMods/mods/StellarAIDirector/common/starbase_modules/zzzz_staid_05_starbase_defense_starbase_modules.txt
research_federation,federation_type,vanilla,Stellaris vanilla 4.4.4,common/federation_types/00_federation_types.txt,yes,yes,ai_signal_present,,,,,allow;potential,,,,,unknown_manual_review,manual_review,research_diplomacy_core;research_megastructure_core;research_throughput_infrastructure,parent_ai_partial,needs_route_policy,manual_review,ok,research_diplomacy_core,0,15_research_diplomacy,C:\Steam\steamapps\common\Stellaris\common\federation_types\00_federation_types.txt,federation_types,,,C:/Users/Admin/Documents/GIT/GameMods/StellarisMods/mods/StellarAIDirector/common/federation_types/zzzz_staid_15_research_diplomacy_federation_types.txt
