schema_version,source_provenance_id,evidence_class,scenario_id,policy_id,horizon_months,project_id,lane,consumer_surface,emergency_class,activation_state,activation_reasons,requested_income,remaining_pressure,priority,legal,parent_winner_verified,affordable_now,feasibility_reasons,one_time_cost_json,monthly_upkeep_json,completion_income_json,queue,required_gates,parent_provenance,evidence_ref
1,f70407d316d85e76fb66b50efd74dbdcec883c5e2b501a1bfcb5082cb2c4568a,deterministic_model_not_runtime_proof,rich_opening,parent-only,24,rich_colony,colonization,colony ship and colony target,growth,true,,0,0,90,True,True,True,[],"{""alloys"":""20""}",{},{},shipyard,ordinary_state,active parent colony planner,report fixture rich opening empire
1,f70407d316d85e76fb66b50efd74dbdcec883c5e2b501a1bfcb5082cb2c4568a,deterministic_model_not_runtime_proof,rich_opening,parent-only,24,rich_outpost,expansion,constructor outpost,growth,true,,0,0,80,True,True,True,[],"{""alloys"":""10""}",{},{},constructor,ordinary_state,active parent expansion planner,report fixture rich opening empire
1,f70407d316d85e76fb66b50efd74dbdcec883c5e2b501a1bfcb5082cb2c4568a,deterministic_model_not_runtime_proof,rich_opening,parent-only,24,rich_planet_building,planetary_development,planet building and queue,growth,true,,0,0,85,True,True,True,[],"{""minerals"":""50""}",{},{},planetary,ordinary_state,active parent planetary construction,report fixture rich opening empire
1,f70407d316d85e76fb66b50efd74dbdcec883c5e2b501a1bfcb5082cb2c4568a,deterministic_model_not_runtime_proof,rich_opening,parent-only,24,rich_research_lab,research,research-designated colony,growth,true,,0,0,100,True,True,True,[],"{""minerals"":""60""}","{""consumer_goods"":""1"",""energy"":""1""}","{""research"":""10""}",planetary,ordinary_state,active parent research construction,report fixture rich opening empire
1,f70407d316d85e76fb66b50efd74dbdcec883c5e2b501a1bfcb5082cb2c4568a,deterministic_model_not_runtime_proof,rich_opening,parent-only,24,rich_new_hulls,new_hulls,new fleet hulls,growth,true,,0,0,95,True,True,True,[],"{""alloys"":""100""}",{},{},shipyard,ordinary_state,active parent military construction,report fixture rich opening empire
1,f70407d316d85e76fb66b50efd74dbdcec883c5e2b501a1bfcb5082cb2c4568a,deterministic_model_not_runtime_proof,rich_opening,parent-only,24,rich_upgrades,upgrades,fleet upgrades and reinforcement,maintenance,true,,0,0,75,True,True,True,[],"{""alloys"":""50""}",{},{},shipyard,ordinary_state,active parent fleet manager,report fixture rich opening empire
1,f70407d316d85e76fb66b50efd74dbdcec883c5e2b501a1bfcb5082cb2c4568a,deterministic_model_not_runtime_proof,rich_opening,parent-only,24,rich_claim,claims,legal claim opportunity,growth,true,,0,0,70,True,True,True,[],{},{},{},,ordinary_state,active parent claim planner,report fixture rich opening empire
1,f70407d316d85e76fb66b50efd74dbdcec883c5e2b501a1bfcb5082cb2c4568a,deterministic_model_not_runtime_proof,rich_opening,parent-only,24,rich_defense,defense,starbase and defense construction,prevention,true,,0,0,90,True,True,True,[],"{""alloys"":""80""}",{},{},starbase,ordinary_state,active parent defense planner,report fixture rich opening empire
1,f70407d316d85e76fb66b50efd74dbdcec883c5e2b501a1bfcb5082cb2c4568a,deterministic_model_not_runtime_proof,rich_opening,parent-only,24,rich_war_preparation,war_preparation,legal target and readiness transition,prevention,true,,0,0,65,True,True,True,[],{},{},{},,ordinary_state,active parent war planner,report fixture rich opening empire
1,f70407d316d85e76fb66b50efd74dbdcec883c5e2b501a1bfcb5082cb2c4568a,deterministic_model_not_runtime_proof,rich_opening,parent-only,24,rich_gas_producer,strategic_producer,gas refinery candidate,emergency,false,parent_owns,0,0,40,True,True,True,[],"{""minerals"":""60""}","{""energy"":""1""}","{""exotic_gases"":""1""}",planetary,ordinary_state,active parent producer winner,report fixture rich opening empire
1,f70407d316d85e76fb66b50efd74dbdcec883c5e2b501a1bfcb5082cb2c4568a,deterministic_model_not_runtime_proof,rich_opening,parent-only,24,rich_market_bridge,market_bridge,native market bridge,maintenance,true,,0,0,30,True,True,True,[],"{""energy"":""100""}",{},{},,ordinary_state,active parent market behavior,report fixture rich opening empire
1,f70407d316d85e76fb66b50efd74dbdcec883c5e2b501a1bfcb5082cb2c4568a,deterministic_model_not_runtime_proof,rich_opening,parent-only,24,rich_megastructure,megastructure,long-duration megastructure upkeep horizon guard,growth,true,,0,0,60,True,True,False,"[{""available"":""0"",""code"":""runway"",""key"":""energy"",""projects"":[""rich_megastructure""],""required"":""920""}]","{""alloys"":""200""}","{""energy"":""200""}",{},megastructure,ordinary_state,active parent megastructure planner,report fixture rich opening empire
1,f70407d316d85e76fb66b50efd74dbdcec883c5e2b501a1bfcb5082cb2c4568a,deterministic_model_not_runtime_proof,rich_opening,deficit-only-plus-one,24,rich_colony,colonization,colony ship and colony target,growth,true,,0,0,90,True,True,True,[],"{""alloys"":""20""}",{},{},shipyard,ordinary_state,active parent colony planner,report fixture rich opening empire
1,f70407d316d85e76fb66b50efd74dbdcec883c5e2b501a1bfcb5082cb2c4568a,deterministic_model_not_runtime_proof,rich_opening,deficit-only-plus-one,24,rich_outpost,expansion,constructor outpost,growth,true,,0,0,80,True,True,True,[],"{""alloys"":""10""}",{},{},constructor,ordinary_state,active parent expansion planner,report fixture rich opening empire
1,f70407d316d85e76fb66b50efd74dbdcec883c5e2b501a1bfcb5082cb2c4568a,deterministic_model_not_runtime_proof,rich_opening,deficit-only-plus-one,24,rich_planet_building,planetary_development,planet building and queue,growth,true,,0,0,85,True,True,True,[],"{""minerals"":""50""}",{},{},planetary,ordinary_state,active parent planetary construction,report fixture rich opening empire
1,f70407d316d85e76fb66b50efd74dbdcec883c5e2b501a1bfcb5082cb2c4568a,deterministic_model_not_runtime_proof,rich_opening,deficit-only-plus-one,24,rich_research_lab,research,research-designated colony,growth,true,,0,0,100,True,True,True,[],"{""minerals"":""60""}","{""consumer_goods"":""1"",""energy"":""1""}","{""research"":""10""}",planetary,ordinary_state,active parent research construction,report fixture rich opening empire
1,f70407d316d85e76fb66b50efd74dbdcec883c5e2b501a1bfcb5082cb2c4568a,deterministic_model_not_runtime_proof,rich_opening,deficit-only-plus-one,24,rich_new_hulls,new_hulls,new fleet hulls,growth,true,,0,0,95,True,True,True,[],"{""alloys"":""100""}",{},{},shipyard,ordinary_state,active parent military construction,report fixture rich opening empire
1,f70407d316d85e76fb66b50efd74dbdcec883c5e2b501a1bfcb5082cb2c4568a,deterministic_model_not_runtime_proof,rich_opening,deficit-only-plus-one,24,rich_upgrades,upgrades,fleet upgrades and reinforcement,maintenance,true,,0,0,75,True,True,True,[],"{""alloys"":""50""}",{},{},shipyard,ordinary_state,active parent fleet manager,report fixture rich opening empire
1,f70407d316d85e76fb66b50efd74dbdcec883c5e2b501a1bfcb5082cb2c4568a,deterministic_model_not_runtime_proof,rich_opening,deficit-only-plus-one,24,rich_claim,claims,legal claim opportunity,growth,true,,0,0,70,True,True,True,[],{},{},{},,ordinary_state,active parent claim planner,report fixture rich opening empire
1,f70407d316d85e76fb66b50efd74dbdcec883c5e2b501a1bfcb5082cb2c4568a,deterministic_model_not_runtime_proof,rich_opening,deficit-only-plus-one,24,rich_defense,defense,starbase and defense construction,prevention,true,,0,0,90,True,True,True,[],"{""alloys"":""80""}",{},{},starbase,ordinary_state,active parent defense planner,report fixture rich opening empire
1,f70407d316d85e76fb66b50efd74dbdcec883c5e2b501a1bfcb5082cb2c4568a,deterministic_model_not_runtime_proof,rich_opening,deficit-only-plus-one,24,rich_war_preparation,war_preparation,legal target and readiness transition,prevention,true,,0,0,65,True,True,True,[],{},{},{},,ordinary_state,active parent war planner,report fixture rich opening empire
1,f70407d316d85e76fb66b50efd74dbdcec883c5e2b501a1bfcb5082cb2c4568a,deterministic_model_not_runtime_proof,rich_opening,deficit-only-plus-one,24,rich_gas_producer,strategic_producer,gas refinery candidate,emergency,false,earned_recovery,0,0,140,True,True,True,[],"{""minerals"":""60""}","{""energy"":""1""}","{""exotic_gases"":""1""}",planetary,ordinary_state,active parent producer winner,report fixture rich opening empire
1,f70407d316d85e76fb66b50efd74dbdcec883c5e2b501a1bfcb5082cb2c4568a,deterministic_model_not_runtime_proof,rich_opening,deficit-only-plus-one,24,rich_market_bridge,market_bridge,native market bridge,maintenance,true,,0,0,30,True,True,True,[],"{""energy"":""100""}",{},{},,ordinary_state,active parent market behavior,report fixture rich opening empire
1,f70407d316d85e76fb66b50efd74dbdcec883c5e2b501a1bfcb5082cb2c4568a,deterministic_model_not_runtime_proof,rich_opening,deficit-only-plus-one,24,rich_megastructure,megastructure,long-duration megastructure upkeep horizon guard,growth,true,,0,0,60,True,True,False,"[{""available"":""0"",""code"":""runway"",""key"":""energy"",""projects"":[""rich_megastructure""],""required"":""920""}]","{""alloys"":""200""}","{""energy"":""200""}",{},megastructure,ordinary_state,active parent megastructure planner,report fixture rich opening empire
1,f70407d316d85e76fb66b50efd74dbdcec883c5e2b501a1bfcb5082cb2c4568a,deterministic_model_not_runtime_proof,rich_opening,deficit-only-plus-two,24,rich_colony,colonization,colony ship and colony target,growth,true,,0,0,90,True,True,True,[],"{""alloys"":""20""}",{},{},shipyard,ordinary_state,active parent colony planner,report fixture rich opening empire
1,f70407d316d85e76fb66b50efd74dbdcec883c5e2b501a1bfcb5082cb2c4568a,deterministic_model_not_runtime_proof,rich_opening,deficit-only-plus-two,24,rich_outpost,expansion,constructor outpost,growth,true,,0,0,80,True,True,True,[],"{""alloys"":""10""}",{},{},constructor,ordinary_state,active parent expansion planner,report fixture rich opening empire
1,f70407d316d85e76fb66b50efd74dbdcec883c5e2b501a1bfcb5082cb2c4568a,deterministic_model_not_runtime_proof,rich_opening,deficit-only-plus-two,24,rich_planet_building,planetary_development,planet building and queue,growth,true,,0,0,85,True,True,True,[],"{""minerals"":""50""}",{},{},planetary,ordinary_state,active parent planetary construction,report fixture rich opening empire
1,f70407d316d85e76fb66b50efd74dbdcec883c5e2b501a1bfcb5082cb2c4568a,deterministic_model_not_runtime_proof,rich_opening,deficit-only-plus-two,24,rich_research_lab,research,research-designated colony,growth,true,,0,0,100,True,True,True,[],"{""minerals"":""60""}","{""consumer_goods"":""1"",""energy"":""1""}","{""research"":""10""}",planetary,ordinary_state,active parent research construction,report fixture rich opening empire
1,f70407d316d85e76fb66b50efd74dbdcec883c5e2b501a1bfcb5082cb2c4568a,deterministic_model_not_runtime_proof,rich_opening,deficit-only-plus-two,24,rich_new_hulls,new_hulls,new fleet hulls,growth,true,,0,0,95,True,True,True,[],"{""alloys"":""100""}",{},{},shipyard,ordinary_state,active parent military construction,report fixture rich opening empire
1,f70407d316d85e76fb66b50efd74dbdcec883c5e2b501a1bfcb5082cb2c4568a,deterministic_model_not_runtime_proof,rich_opening,deficit-only-plus-two,24,rich_upgrades,upgrades,fleet upgrades and reinforcement,maintenance,true,,0,0,75,True,True,True,[],"{""alloys"":""50""}",{},{},shipyard,ordinary_state,active parent fleet manager,report fixture rich opening empire
1,f70407d316d85e76fb66b50efd74dbdcec883c5e2b501a1bfcb5082cb2c4568a,deterministic_model_not_runtime_proof,rich_opening,deficit-only-plus-two,24,rich_claim,claims,legal claim opportunity,growth,true,,0,0,70,True,True,True,[],{},{},{},,ordinary_state,active parent claim planner,report fixture rich opening empire
1,f70407d316d85e76fb66b50efd74dbdcec883c5e2b501a1bfcb5082cb2c4568a,deterministic_model_not_runtime_proof,rich_opening,deficit-only-plus-two,24,rich_defense,defense,starbase and defense construction,prevention,true,,0,0,90,True,True,True,[],"{""alloys"":""80""}",{},{},starbase,ordinary_state,active parent defense planner,report fixture rich opening empire
1,f70407d316d85e76fb66b50efd74dbdcec883c5e2b501a1bfcb5082cb2c4568a,deterministic_model_not_runtime_proof,rich_opening,deficit-only-plus-two,24,rich_war_preparation,war_preparation,legal target and readiness transition,prevention,true,,0,0,65,True,True,True,[],{},{},{},,ordinary_state,active parent war planner,report fixture rich opening empire
1,f70407d316d85e76fb66b50efd74dbdcec883c5e2b501a1bfcb5082cb2c4568a,deterministic_model_not_runtime_proof,rich_opening,deficit-only-plus-two,24,rich_gas_producer,strategic_producer,gas refinery candidate,emergency,false,earned_recovery,0,0,190,True,True,True,[],"{""minerals"":""60""}","{""energy"":""1""}","{""exotic_gases"":""1""}",planetary,ordinary_state,active parent producer winner,report fixture rich opening empire
1,f70407d316d85e76fb66b50efd74dbdcec883c5e2b501a1bfcb5082cb2c4568a,deterministic_model_not_runtime_proof,rich_opening,deficit-only-plus-two,24,rich_market_bridge,market_bridge,native market bridge,maintenance,true,,0,0,30,True,True,True,[],"{""energy"":""100""}",{},{},,ordinary_state,active parent market behavior,report fixture rich opening empire
1,f70407d316d85e76fb66b50efd74dbdcec883c5e2b501a1bfcb5082cb2c4568a,deterministic_model_not_runtime_proof,rich_opening,deficit-only-plus-two,24,rich_megastructure,megastructure,long-duration megastructure upkeep horizon guard,growth,true,,0,0,60,True,True,False,"[{""available"":""0"",""code"":""runway"",""key"":""energy"",""projects"":[""rich_megastructure""],""required"":""920""}]","{""alloys"":""200""}","{""energy"":""200""}",{},megastructure,ordinary_state,active parent megastructure planner,report fixture rich opening empire
1,f70407d316d85e76fb66b50efd74dbdcec883c5e2b501a1bfcb5082cb2c4568a,deterministic_model_not_runtime_proof,rich_opening,prezero-runway-plus-one,24,rich_colony,colonization,colony ship and colony target,growth,true,,0,0,90,True,True,True,[],"{""alloys"":""20""}",{},{},shipyard,ordinary_state,active parent colony planner,report fixture rich opening empire
1,f70407d316d85e76fb66b50efd74dbdcec883c5e2b501a1bfcb5082cb2c4568a,deterministic_model_not_runtime_proof,rich_opening,prezero-runway-plus-one,24,rich_outpost,expansion,constructor outpost,growth,true,,0,0,80,True,True,True,[],"{""alloys"":""10""}",{},{},constructor,ordinary_state,active parent expansion planner,report fixture rich opening empire
1,f70407d316d85e76fb66b50efd74dbdcec883c5e2b501a1bfcb5082cb2c4568a,deterministic_model_not_runtime_proof,rich_opening,prezero-runway-plus-one,24,rich_planet_building,planetary_development,planet building and queue,growth,true,,0,0,85,True,True,True,[],"{""minerals"":""50""}",{},{},planetary,ordinary_state,active parent planetary construction,report fixture rich opening empire
1,f70407d316d85e76fb66b50efd74dbdcec883c5e2b501a1bfcb5082cb2c4568a,deterministic_model_not_runtime_proof,rich_opening,prezero-runway-plus-one,24,rich_research_lab,research,research-designated colony,growth,true,,0,0,100,True,True,True,[],"{""minerals"":""60""}","{""consumer_goods"":""1"",""energy"":""1""}","{""research"":""10""}",planetary,ordinary_state,active parent research construction,report fixture rich opening empire
1,f70407d316d85e76fb66b50efd74dbdcec883c5e2b501a1bfcb5082cb2c4568a,deterministic_model_not_runtime_proof,rich_opening,prezero-runway-plus-one,24,rich_new_hulls,new_hulls,new fleet hulls,growth,true,,0,0,95,True,True,True,[],"{""alloys"":""100""}",{},{},shipyard,ordinary_state,active parent military construction,report fixture rich opening empire
1,f70407d316d85e76fb66b50efd74dbdcec883c5e2b501a1bfcb5082cb2c4568a,deterministic_model_not_runtime_proof,rich_opening,prezero-runway-plus-one,24,rich_upgrades,upgrades,fleet upgrades and reinforcement,maintenance,true,,0,0,75,True,True,True,[],"{""alloys"":""50""}",{},{},shipyard,ordinary_state,active parent fleet manager,report fixture rich opening empire
1,f70407d316d85e76fb66b50efd74dbdcec883c5e2b501a1bfcb5082cb2c4568a,deterministic_model_not_runtime_proof,rich_opening,prezero-runway-plus-one,24,rich_claim,claims,legal claim opportunity,growth,true,,0,0,70,True,True,True,[],{},{},{},,ordinary_state,active parent claim planner,report fixture rich opening empire
1,f70407d316d85e76fb66b50efd74dbdcec883c5e2b501a1bfcb5082cb2c4568a,deterministic_model_not_runtime_proof,rich_opening,prezero-runway-plus-one,24,rich_defense,defense,starbase and defense construction,prevention,true,,0,0,90,True,True,True,[],"{""alloys"":""80""}",{},{},starbase,ordinary_state,active parent defense planner,report fixture rich opening empire
1,f70407d316d85e76fb66b50efd74dbdcec883c5e2b501a1bfcb5082cb2c4568a,deterministic_model_not_runtime_proof,rich_opening,prezero-runway-plus-one,24,rich_war_preparation,war_preparation,legal target and readiness transition,prevention,true,,0,0,65,True,True,True,[],{},{},{},,ordinary_state,active parent war planner,report fixture rich opening empire
1,f70407d316d85e76fb66b50efd74dbdcec883c5e2b501a1bfcb5082cb2c4568a,deterministic_model_not_runtime_proof,rich_opening,prezero-runway-plus-one,24,rich_gas_producer,strategic_producer,gas refinery candidate,emergency,false,earned_recovery,0,0,140,True,True,True,[],"{""minerals"":""60""}","{""energy"":""1""}","{""exotic_gases"":""1""}",planetary,ordinary_state,active parent producer winner,report fixture rich opening empire
1,f70407d316d85e76fb66b50efd74dbdcec883c5e2b501a1bfcb5082cb2c4568a,deterministic_model_not_runtime_proof,rich_opening,prezero-runway-plus-one,24,rich_market_bridge,market_bridge,native market bridge,maintenance,true,,0,0,30,True,True,True,[],"{""energy"":""100""}",{},{},,ordinary_state,active parent market behavior,report fixture rich opening empire
1,f70407d316d85e76fb66b50efd74dbdcec883c5e2b501a1bfcb5082cb2c4568a,deterministic_model_not_runtime_proof,rich_opening,prezero-runway-plus-one,24,rich_megastructure,megastructure,long-duration megastructure upkeep horizon guard,growth,true,,0,0,60,True,True,False,"[{""available"":""0"",""code"":""runway"",""key"":""energy"",""projects"":[""rich_megastructure""],""required"":""920""}]","{""alloys"":""200""}","{""energy"":""200""}",{},megastructure,ordinary_state,active parent megastructure planner,report fixture rich opening empire
1,f70407d316d85e76fb66b50efd74dbdcec883c5e2b501a1bfcb5082cb2c4568a,deterministic_model_not_runtime_proof,rich_opening,failed-c9da19b3,24,rich_colony,colonization,colony ship and colony target,growth,true,,0,0,90,True,True,True,[],"{""alloys"":""20""}",{},{},shipyard,ordinary_state,active parent colony planner,report fixture rich opening empire
1,f70407d316d85e76fb66b50efd74dbdcec883c5e2b501a1bfcb5082cb2c4568a,deterministic_model_not_runtime_proof,rich_opening,failed-c9da19b3,24,rich_outpost,expansion,constructor outpost,growth,true,,0,0,80,True,True,True,[],"{""alloys"":""10""}",{},{},constructor,ordinary_state,active parent expansion planner,report fixture rich opening empire
1,f70407d316d85e76fb66b50efd74dbdcec883c5e2b501a1bfcb5082cb2c4568a,deterministic_model_not_runtime_proof,rich_opening,failed-c9da19b3,24,rich_planet_building,planetary_development,planet building and queue,growth,true,,0,0,85,True,True,True,[],"{""minerals"":""50""}",{},{},planetary,ordinary_state,active parent planetary construction,report fixture rich opening empire
1,f70407d316d85e76fb66b50efd74dbdcec883c5e2b501a1bfcb5082cb2c4568a,deterministic_model_not_runtime_proof,rich_opening,failed-c9da19b3,24,rich_research_lab,research,research-designated colony,growth,true,,0,0,100,True,True,True,[],"{""minerals"":""60""}","{""consumer_goods"":""1"",""energy"":""1""}","{""research"":""10""}",planetary,ordinary_state,active parent research construction,report fixture rich opening empire
1,f70407d316d85e76fb66b50efd74dbdcec883c5e2b501a1bfcb5082cb2c4568a,deterministic_model_not_runtime_proof,rich_opening,failed-c9da19b3,24,rich_new_hulls,new_hulls,new fleet hulls,growth,true,,0,0,95,True,True,True,[],"{""alloys"":""100""}",{},{},shipyard,ordinary_state,active parent military construction,report fixture rich opening empire
1,f70407d316d85e76fb66b50efd74dbdcec883c5e2b501a1bfcb5082cb2c4568a,deterministic_model_not_runtime_proof,rich_opening,failed-c9da19b3,24,rich_upgrades,upgrades,fleet upgrades and reinforcement,maintenance,true,,0,0,75,True,True,True,[],"{""alloys"":""50""}",{},{},shipyard,ordinary_state,active parent fleet manager,report fixture rich opening empire
1,f70407d316d85e76fb66b50efd74dbdcec883c5e2b501a1bfcb5082cb2c4568a,deterministic_model_not_runtime_proof,rich_opening,failed-c9da19b3,24,rich_claim,claims,legal claim opportunity,growth,true,,0,0,70,True,True,True,[],{},{},{},,ordinary_state,active parent claim planner,report fixture rich opening empire
1,f70407d316d85e76fb66b50efd74dbdcec883c5e2b501a1bfcb5082cb2c4568a,deterministic_model_not_runtime_proof,rich_opening,failed-c9da19b3,24,rich_defense,defense,starbase and defense construction,prevention,true,,0,0,90,True,True,True,[],"{""alloys"":""80""}",{},{},starbase,ordinary_state,active parent defense planner,report fixture rich opening empire
1,f70407d316d85e76fb66b50efd74dbdcec883c5e2b501a1bfcb5082cb2c4568a,deterministic_model_not_runtime_proof,rich_opening,failed-c9da19b3,24,rich_war_preparation,war_preparation,legal target and readiness transition,prevention,true,,0,0,65,True,True,True,[],{},{},{},,ordinary_state,active parent war planner,report fixture rich opening empire
1,f70407d316d85e76fb66b50efd74dbdcec883c5e2b501a1bfcb5082cb2c4568a,deterministic_model_not_runtime_proof,rich_opening,failed-c9da19b3,24,rich_gas_producer,strategic_producer,gas refinery candidate,emergency,true,failed_low_income_target,4500,4500,4540,True,True,True,[],"{""minerals"":""60""}","{""energy"":""1""}","{""exotic_gases"":""1""}",planetary,ordinary_state,active parent producer winner,report fixture rich opening empire
1,f70407d316d85e76fb66b50efd74dbdcec883c5e2b501a1bfcb5082cb2c4568a,deterministic_model_not_runtime_proof,rich_opening,failed-c9da19b3,24,rich_market_bridge,market_bridge,native market bridge,maintenance,true,,0,0,30,True,True,True,[],"{""energy"":""100""}",{},{},,ordinary_state,active parent market behavior,report fixture rich opening empire
1,f70407d316d85e76fb66b50efd74dbdcec883c5e2b501a1bfcb5082cb2c4568a,deterministic_model_not_runtime_proof,rich_opening,failed-c9da19b3,24,rich_megastructure,megastructure,long-duration megastructure upkeep horizon guard,growth,true,,0,0,60,True,True,False,"[{""available"":""0"",""code"":""runway"",""key"":""energy"",""projects"":[""rich_megastructure""],""required"":""920""}]","{""alloys"":""200""}","{""energy"":""200""}",{},megastructure,ordinary_state,active parent megastructure planner,report fixture rich opening empire
1,f70407d316d85e76fb66b50efd74dbdcec883c5e2b501a1bfcb5082cb2c4568a,deterministic_model_not_runtime_proof,low_capacity_low_use,parent-only,12,low_use_research,research,research construction,growth,true,,0,0,100,True,True,True,[],"{""minerals"":""60""}",{},{},planetary,ordinary_state,active parent research construction,user low-capacity low-use edge case
1,f70407d316d85e76fb66b50efd74dbdcec883c5e2b501a1bfcb5082cb2c4568a,deterministic_model_not_runtime_proof,low_capacity_low_use,parent-only,12,low_use_gas,strategic_producer,gas producer candidate,emergency,false,parent_owns,0,0,10,True,True,True,[],"{""minerals"":""60""}",{},"{""exotic_gases"":""1""}",planetary,ordinary_state,active parent producer winner,user low-capacity low-use edge case
1,f70407d316d85e76fb66b50efd74dbdcec883c5e2b501a1bfcb5082cb2c4568a,deterministic_model_not_runtime_proof,low_capacity_low_use,deficit-only-plus-one,12,low_use_research,research,research construction,growth,true,,0,0,100,True,True,True,[],"{""minerals"":""60""}",{},{},planetary,ordinary_state,active parent research construction,user low-capacity low-use edge case
1,f70407d316d85e76fb66b50efd74dbdcec883c5e2b501a1bfcb5082cb2c4568a,deterministic_model_not_runtime_proof,low_capacity_low_use,deficit-only-plus-one,12,low_use_gas,strategic_producer,gas producer candidate,emergency,false,earned_recovery,0,0,110,True,True,True,[],"{""minerals"":""60""}",{},"{""exotic_gases"":""1""}",planetary,ordinary_state,active parent producer winner,user low-capacity low-use edge case
1,f70407d316d85e76fb66b50efd74dbdcec883c5e2b501a1bfcb5082cb2c4568a,deterministic_model_not_runtime_proof,low_capacity_low_use,deficit-only-plus-two,12,low_use_research,research,research construction,growth,true,,0,0,100,True,True,True,[],"{""minerals"":""60""}",{},{},planetary,ordinary_state,active parent research construction,user low-capacity low-use edge case
1,f70407d316d85e76fb66b50efd74dbdcec883c5e2b501a1bfcb5082cb2c4568a,deterministic_model_not_runtime_proof,low_capacity_low_use,deficit-only-plus-two,12,low_use_gas,strategic_producer,gas producer candidate,emergency,false,earned_recovery,0,0,160,True,True,True,[],"{""minerals"":""60""}",{},"{""exotic_gases"":""1""}",planetary,ordinary_state,active parent producer winner,user low-capacity low-use edge case
1,f70407d316d85e76fb66b50efd74dbdcec883c5e2b501a1bfcb5082cb2c4568a,deterministic_model_not_runtime_proof,low_capacity_low_use,prezero-runway-plus-one,12,low_use_research,research,research construction,growth,true,,0,0,100,True,True,True,[],"{""minerals"":""60""}",{},{},planetary,ordinary_state,active parent research construction,user low-capacity low-use edge case
1,f70407d316d85e76fb66b50efd74dbdcec883c5e2b501a1bfcb5082cb2c4568a,deterministic_model_not_runtime_proof,low_capacity_low_use,prezero-runway-plus-one,12,low_use_gas,strategic_producer,gas producer candidate,emergency,false,earned_recovery,0,0,110,True,True,True,[],"{""minerals"":""60""}",{},"{""exotic_gases"":""1""}",planetary,ordinary_state,active parent producer winner,user low-capacity low-use edge case
1,f70407d316d85e76fb66b50efd74dbdcec883c5e2b501a1bfcb5082cb2c4568a,deterministic_model_not_runtime_proof,low_capacity_low_use,failed-c9da19b3,12,low_use_research,research,research construction,growth,true,,0,0,100,True,True,True,[],"{""minerals"":""60""}",{},{},planetary,ordinary_state,active parent research construction,user low-capacity low-use edge case
1,f70407d316d85e76fb66b50efd74dbdcec883c5e2b501a1bfcb5082cb2c4568a,deterministic_model_not_runtime_proof,low_capacity_low_use,failed-c9da19b3,12,low_use_gas,strategic_producer,gas producer candidate,emergency,true,failed_low_income_target,4500,4500,4510,True,True,True,[],"{""minerals"":""60""}",{},"{""exotic_gases"":""1""}",planetary,ordinary_state,active parent producer winner,user low-capacity low-use edge case
1,f70407d316d85e76fb66b50efd74dbdcec883c5e2b501a1bfcb5082cb2c4568a,deterministic_model_not_runtime_proof,research_gas_deficit,parent-only,24,research_lane,research,research-designated colony,growth,true,,0,0,100,True,True,True,[],"{""minerals"":""60""}","{""consumer_goods"":""1""}","{""research"":""10""}",planetary,research_designation,active parent research construction,report fixture research plus gas deficit
1,f70407d316d85e76fb66b50efd74dbdcec883c5e2b501a1bfcb5082cb2c4568a,deterministic_model_not_runtime_proof,research_gas_deficit,parent-only,24,gas_recovery_lane,strategic_producer,legal gas refinery,emergency,false,parent_owns,0,0,40,True,True,True,[],"{""minerals"":""60""}","{""energy"":""1""}","{""exotic_gases"":""1""}",planetary,research_designation,active parent producer winner,report fixture research plus gas deficit
1,f70407d316d85e76fb66b50efd74dbdcec883c5e2b501a1bfcb5082cb2c4568a,deterministic_model_not_runtime_proof,research_gas_deficit,deficit-only-plus-one,24,research_lane,research,research-designated colony,growth,true,,0,0,100,True,True,True,[],"{""minerals"":""60""}","{""consumer_goods"":""1""}","{""research"":""10""}",planetary,research_designation,active parent research construction,report fixture research plus gas deficit
1,f70407d316d85e76fb66b50efd74dbdcec883c5e2b501a1bfcb5082cb2c4568a,deterministic_model_not_runtime_proof,research_gas_deficit,deficit-only-plus-one,24,gas_recovery_lane,strategic_producer,legal gas refinery,emergency,true,actual_deficit,1,1,140,True,True,True,[],"{""minerals"":""60""}","{""energy"":""1""}","{""exotic_gases"":""1""}",planetary,research_designation,active parent producer winner,report fixture research plus gas deficit
1,f70407d316d85e76fb66b50efd74dbdcec883c5e2b501a1bfcb5082cb2c4568a,deterministic_model_not_runtime_proof,research_gas_deficit,deficit-only-plus-two,24,research_lane,research,research-designated colony,growth,true,,0,0,100,True,True,True,[],"{""minerals"":""60""}","{""consumer_goods"":""1""}","{""research"":""10""}",planetary,research_designation,active parent research construction,report fixture research plus gas deficit
1,f70407d316d85e76fb66b50efd74dbdcec883c5e2b501a1bfcb5082cb2c4568a,deterministic_model_not_runtime_proof,research_gas_deficit,deficit-only-plus-two,24,gas_recovery_lane,strategic_producer,legal gas refinery,emergency,true,actual_deficit,1,1,190,True,True,True,[],"{""minerals"":""60""}","{""energy"":""1""}","{""exotic_gases"":""1""}",planetary,research_designation,active parent producer winner,report fixture research plus gas deficit
1,f70407d316d85e76fb66b50efd74dbdcec883c5e2b501a1bfcb5082cb2c4568a,deterministic_model_not_runtime_proof,research_gas_deficit,prezero-runway-plus-one,24,research_lane,research,research-designated colony,growth,true,,0,0,100,True,True,True,[],"{""minerals"":""60""}","{""consumer_goods"":""1""}","{""research"":""10""}",planetary,research_designation,active parent research construction,report fixture research plus gas deficit
1,f70407d316d85e76fb66b50efd74dbdcec883c5e2b501a1bfcb5082cb2c4568a,deterministic_model_not_runtime_proof,research_gas_deficit,prezero-runway-plus-one,24,gas_recovery_lane,strategic_producer,legal gas refinery,emergency,true,actual_deficit,1,1,140,True,True,True,[],"{""minerals"":""60""}","{""energy"":""1""}","{""exotic_gases"":""1""}",planetary,research_designation,active parent producer winner,report fixture research plus gas deficit
1,f70407d316d85e76fb66b50efd74dbdcec883c5e2b501a1bfcb5082cb2c4568a,deterministic_model_not_runtime_proof,research_gas_deficit,failed-c9da19b3,24,research_lane,research,research-designated colony,growth,true,,0,0,100,True,True,True,[],"{""minerals"":""60""}","{""consumer_goods"":""1""}","{""research"":""10""}",planetary,research_designation,active parent research construction,report fixture research plus gas deficit
1,f70407d316d85e76fb66b50efd74dbdcec883c5e2b501a1bfcb5082cb2c4568a,deterministic_model_not_runtime_proof,research_gas_deficit,failed-c9da19b3,24,gas_recovery_lane,strategic_producer,legal gas refinery,emergency,true,failed_low_income_target,4500,4500,4540,True,True,True,[],"{""minerals"":""60""}","{""energy"":""1""}","{""exotic_gases"":""1""}",planetary,research_designation,active parent producer winner,report fixture research plus gas deficit
1,f70407d316d85e76fb66b50efd74dbdcec883c5e2b501a1bfcb5082cb2c4568a,deterministic_model_not_runtime_proof,threat_strategic_deficit,parent-only,24,threat_defense,defense,threat-required defense,emergency,true,,0,0,150,True,True,True,[],"{""alloys"":""80""}",{},{},starbase,threat_active,active parent defense planner,report fixture threatened empire plus strategic deficit
1,f70407d316d85e76fb66b50efd74dbdcec883c5e2b501a1bfcb5082cb2c4568a,deterministic_model_not_runtime_proof,threat_strategic_deficit,parent-only,24,threat_hulls,new_hulls,threat-required fleet hulls,emergency,true,,0,0,140,True,True,True,[],"{""alloys"":""100""}",{},{},shipyard,threat_active,active parent military construction,report fixture threatened empire plus strategic deficit
1,f70407d316d85e76fb66b50efd74dbdcec883c5e2b501a1bfcb5082cb2c4568a,deterministic_model_not_runtime_proof,threat_strategic_deficit,parent-only,24,threat_gas,strategic_producer,bounded gas refinery,emergency,false,parent_owns,0,0,40,True,True,True,[],"{""minerals"":""60""}","{""energy"":""1""}","{""exotic_gases"":""1""}",planetary,threat_active,active parent producer winner,report fixture threatened empire plus strategic deficit
1,f70407d316d85e76fb66b50efd74dbdcec883c5e2b501a1bfcb5082cb2c4568a,deterministic_model_not_runtime_proof,threat_strategic_deficit,deficit-only-plus-one,24,threat_defense,defense,threat-required defense,emergency,true,,0,0,150,True,True,True,[],"{""alloys"":""80""}",{},{},starbase,threat_active,active parent defense planner,report fixture threatened empire plus strategic deficit
1,f70407d316d85e76fb66b50efd74dbdcec883c5e2b501a1bfcb5082cb2c4568a,deterministic_model_not_runtime_proof,threat_strategic_deficit,deficit-only-plus-one,24,threat_hulls,new_hulls,threat-required fleet hulls,emergency,true,,0,0,140,True,True,True,[],"{""alloys"":""100""}",{},{},shipyard,threat_active,active parent military construction,report fixture threatened empire plus strategic deficit
1,f70407d316d85e76fb66b50efd74dbdcec883c5e2b501a1bfcb5082cb2c4568a,deterministic_model_not_runtime_proof,threat_strategic_deficit,deficit-only-plus-one,24,threat_gas,strategic_producer,bounded gas refinery,emergency,true,actual_deficit,1,1,140,True,True,True,[],"{""minerals"":""60""}","{""energy"":""1""}","{""exotic_gases"":""1""}",planetary,threat_active,active parent producer winner,report fixture threatened empire plus strategic deficit
1,f70407d316d85e76fb66b50efd74dbdcec883c5e2b501a1bfcb5082cb2c4568a,deterministic_model_not_runtime_proof,threat_strategic_deficit,deficit-only-plus-two,24,threat_defense,defense,threat-required defense,emergency,true,,0,0,150,True,True,True,[],"{""alloys"":""80""}",{},{},starbase,threat_active,active parent defense planner,report fixture threatened empire plus strategic deficit
1,f70407d316d85e76fb66b50efd74dbdcec883c5e2b501a1bfcb5082cb2c4568a,deterministic_model_not_runtime_proof,threat_strategic_deficit,deficit-only-plus-two,24,threat_hulls,new_hulls,threat-required fleet hulls,emergency,true,,0,0,140,True,True,True,[],"{""alloys"":""100""}",{},{},shipyard,threat_active,active parent military construction,report fixture threatened empire plus strategic deficit
1,f70407d316d85e76fb66b50efd74dbdcec883c5e2b501a1bfcb5082cb2c4568a,deterministic_model_not_runtime_proof,threat_strategic_deficit,deficit-only-plus-two,24,threat_gas,strategic_producer,bounded gas refinery,emergency,true,actual_deficit,1,1,190,True,True,True,[],"{""minerals"":""60""}","{""energy"":""1""}","{""exotic_gases"":""1""}",planetary,threat_active,active parent producer winner,report fixture threatened empire plus strategic deficit
1,f70407d316d85e76fb66b50efd74dbdcec883c5e2b501a1bfcb5082cb2c4568a,deterministic_model_not_runtime_proof,threat_strategic_deficit,prezero-runway-plus-one,24,threat_defense,defense,threat-required defense,emergency,true,,0,0,150,True,True,True,[],"{""alloys"":""80""}",{},{},starbase,threat_active,active parent defense planner,report fixture threatened empire plus strategic deficit
1,f70407d316d85e76fb66b50efd74dbdcec883c5e2b501a1bfcb5082cb2c4568a,deterministic_model_not_runtime_proof,threat_strategic_deficit,prezero-runway-plus-one,24,threat_hulls,new_hulls,threat-required fleet hulls,emergency,true,,0,0,140,True,True,True,[],"{""alloys"":""100""}",{},{},shipyard,threat_active,active parent military construction,report fixture threatened empire plus strategic deficit
1,f70407d316d85e76fb66b50efd74dbdcec883c5e2b501a1bfcb5082cb2c4568a,deterministic_model_not_runtime_proof,threat_strategic_deficit,prezero-runway-plus-one,24,threat_gas,strategic_producer,bounded gas refinery,emergency,true,actual_deficit,1,1,140,True,True,True,[],"{""minerals"":""60""}","{""energy"":""1""}","{""exotic_gases"":""1""}",planetary,threat_active,active parent producer winner,report fixture threatened empire plus strategic deficit
1,f70407d316d85e76fb66b50efd74dbdcec883c5e2b501a1bfcb5082cb2c4568a,deterministic_model_not_runtime_proof,threat_strategic_deficit,failed-c9da19b3,24,threat_defense,defense,threat-required defense,emergency,true,,0,0,150,True,True,True,[],"{""alloys"":""80""}",{},{},starbase,threat_active,active parent defense planner,report fixture threatened empire plus strategic deficit
1,f70407d316d85e76fb66b50efd74dbdcec883c5e2b501a1bfcb5082cb2c4568a,deterministic_model_not_runtime_proof,threat_strategic_deficit,failed-c9da19b3,24,threat_hulls,new_hulls,threat-required fleet hulls,emergency,true,,0,0,140,True,True,True,[],"{""alloys"":""100""}",{},{},shipyard,threat_active,active parent military construction,report fixture threatened empire plus strategic deficit
1,f70407d316d85e76fb66b50efd74dbdcec883c5e2b501a1bfcb5082cb2c4568a,deterministic_model_not_runtime_proof,threat_strategic_deficit,failed-c9da19b3,24,threat_gas,strategic_producer,bounded gas refinery,emergency,true,failed_low_income_target,4500,4500,4540,True,True,True,[],"{""minerals"":""60""}","{""energy"":""1""}","{""exotic_gases"":""1""}",planetary,threat_active,active parent producer winner,report fixture threatened empire plus strategic deficit
1,f70407d316d85e76fb66b50efd74dbdcec883c5e2b501a1bfcb5082cb2c4568a,deterministic_model_not_runtime_proof,influence_sharing,parent-only,12,share_outpost,expansion,legal outpost,growth,true,,0,0,80,True,True,True,[],"{""alloys"":""10""}",{},{},constructor,legal_targets,active parent expansion planner,report fixture claim plus outpost opportunity
1,f70407d316d85e76fb66b50efd74dbdcec883c5e2b501a1bfcb5082cb2c4568a,deterministic_model_not_runtime_proof,influence_sharing,parent-only,12,share_claim,claims,legal claim,growth,true,,0,0,75,True,True,True,[],{},{},{},,legal_targets,active parent claim planner,report fixture claim plus outpost opportunity
1,f70407d316d85e76fb66b50efd74dbdcec883c5e2b501a1bfcb5082cb2c4568a,deterministic_model_not_runtime_proof,influence_sharing,deficit-only-plus-one,12,share_outpost,expansion,legal outpost,growth,true,,0,0,80,True,True,True,[],"{""alloys"":""10""}",{},{},constructor,legal_targets,active parent expansion planner,report fixture claim plus outpost opportunity
1,f70407d316d85e76fb66b50efd74dbdcec883c5e2b501a1bfcb5082cb2c4568a,deterministic_model_not_runtime_proof,influence_sharing,deficit-only-plus-one,12,share_claim,claims,legal claim,growth,true,,0,0,75,True,True,True,[],{},{},{},,legal_targets,active parent claim planner,report fixture claim plus outpost opportunity
1,f70407d316d85e76fb66b50efd74dbdcec883c5e2b501a1bfcb5082cb2c4568a,deterministic_model_not_runtime_proof,influence_sharing,deficit-only-plus-two,12,share_outpost,expansion,legal outpost,growth,true,,0,0,80,True,True,True,[],"{""alloys"":""10""}",{},{},constructor,legal_targets,active parent expansion planner,report fixture claim plus outpost opportunity
1,f70407d316d85e76fb66b50efd74dbdcec883c5e2b501a1bfcb5082cb2c4568a,deterministic_model_not_runtime_proof,influence_sharing,deficit-only-plus-two,12,share_claim,claims,legal claim,growth,true,,0,0,75,True,True,True,[],{},{},{},,legal_targets,active parent claim planner,report fixture claim plus outpost opportunity
1,f70407d316d85e76fb66b50efd74dbdcec883c5e2b501a1bfcb5082cb2c4568a,deterministic_model_not_runtime_proof,influence_sharing,prezero-runway-plus-one,12,share_outpost,expansion,legal outpost,growth,true,,0,0,80,True,True,True,[],"{""alloys"":""10""}",{},{},constructor,legal_targets,active parent expansion planner,report fixture claim plus outpost opportunity
1,f70407d316d85e76fb66b50efd74dbdcec883c5e2b501a1bfcb5082cb2c4568a,deterministic_model_not_runtime_proof,influence_sharing,prezero-runway-plus-one,12,share_claim,claims,legal claim,growth,true,,0,0,75,True,True,True,[],{},{},{},,legal_targets,active parent claim planner,report fixture claim plus outpost opportunity
1,f70407d316d85e76fb66b50efd74dbdcec883c5e2b501a1bfcb5082cb2c4568a,deterministic_model_not_runtime_proof,influence_sharing,failed-c9da19b3,12,share_outpost,expansion,legal outpost,growth,true,,0,0,80,True,True,True,[],"{""alloys"":""10""}",{},{},constructor,legal_targets,active parent expansion planner,report fixture claim plus outpost opportunity
1,f70407d316d85e76fb66b50efd74dbdcec883c5e2b501a1bfcb5082cb2c4568a,deterministic_model_not_runtime_proof,influence_sharing,failed-c9da19b3,12,share_claim,claims,legal claim,growth,true,,0,0,75,True,True,True,[],{},{},{},,legal_targets,active parent claim planner,report fixture claim plus outpost opportunity
1,f70407d316d85e76fb66b50efd74dbdcec883c5e2b501a1bfcb5082cb2c4568a,deterministic_model_not_runtime_proof,habitat_non_veto,parent-only,24,colonize_existing_habitat,colonization,colonize existing habitat,growth,true,,0,0,100,True,True,True,[],"{""alloys"":""50""}",{},{},shipyard,uncolonized_habitat,active parent colony planner,report habitat anti-spam defect fixture
1,f70407d316d85e76fb66b50efd74dbdcec883c5e2b501a1bfcb5082cb2c4568a,deterministic_model_not_runtime_proof,habitat_non_veto,parent-only,24,start_new_habitat,megastructure,new habitat site,growth,true,,0,0,80,True,True,True,[],"{""alloys"":""200""}",{},{},megastructure,legal_new_habitat_site,active parent habitat construction,report habitat anti-spam defect fixture
1,f70407d316d85e76fb66b50efd74dbdcec883c5e2b501a1bfcb5082cb2c4568a,deterministic_model_not_runtime_proof,habitat_non_veto,deficit-only-plus-one,24,colonize_existing_habitat,colonization,colonize existing habitat,growth,true,,0,0,100,True,True,True,[],"{""alloys"":""50""}",{},{},shipyard,uncolonized_habitat,active parent colony planner,report habitat anti-spam defect fixture
1,f70407d316d85e76fb66b50efd74dbdcec883c5e2b501a1bfcb5082cb2c4568a,deterministic_model_not_runtime_proof,habitat_non_veto,deficit-only-plus-one,24,start_new_habitat,megastructure,new habitat site,growth,true,,0,0,80,True,True,True,[],"{""alloys"":""200""}",{},{},megastructure,legal_new_habitat_site,active parent habitat construction,report habitat anti-spam defect fixture
1,f70407d316d85e76fb66b50efd74dbdcec883c5e2b501a1bfcb5082cb2c4568a,deterministic_model_not_runtime_proof,habitat_non_veto,deficit-only-plus-two,24,colonize_existing_habitat,colonization,colonize existing habitat,growth,true,,0,0,100,True,True,True,[],"{""alloys"":""50""}",{},{},shipyard,uncolonized_habitat,active parent colony planner,report habitat anti-spam defect fixture
1,f70407d316d85e76fb66b50efd74dbdcec883c5e2b501a1bfcb5082cb2c4568a,deterministic_model_not_runtime_proof,habitat_non_veto,deficit-only-plus-two,24,start_new_habitat,megastructure,new habitat site,growth,true,,0,0,80,True,True,True,[],"{""alloys"":""200""}",{},{},megastructure,legal_new_habitat_site,active parent habitat construction,report habitat anti-spam defect fixture
1,f70407d316d85e76fb66b50efd74dbdcec883c5e2b501a1bfcb5082cb2c4568a,deterministic_model_not_runtime_proof,habitat_non_veto,prezero-runway-plus-one,24,colonize_existing_habitat,colonization,colonize existing habitat,growth,true,,0,0,100,True,True,True,[],"{""alloys"":""50""}",{},{},shipyard,uncolonized_habitat,active parent colony planner,report habitat anti-spam defect fixture
1,f70407d316d85e76fb66b50efd74dbdcec883c5e2b501a1bfcb5082cb2c4568a,deterministic_model_not_runtime_proof,habitat_non_veto,prezero-runway-plus-one,24,start_new_habitat,megastructure,new habitat site,growth,true,,0,0,80,True,True,True,[],"{""alloys"":""200""}",{},{},megastructure,legal_new_habitat_site,active parent habitat construction,report habitat anti-spam defect fixture
1,f70407d316d85e76fb66b50efd74dbdcec883c5e2b501a1bfcb5082cb2c4568a,deterministic_model_not_runtime_proof,habitat_non_veto,failed-c9da19b3,24,colonize_existing_habitat,colonization,colonize existing habitat,growth,true,,0,0,100,True,True,True,[],"{""alloys"":""50""}",{},{},shipyard,uncolonized_habitat,active parent colony planner,report habitat anti-spam defect fixture
1,f70407d316d85e76fb66b50efd74dbdcec883c5e2b501a1bfcb5082cb2c4568a,deterministic_model_not_runtime_proof,habitat_non_veto,failed-c9da19b3,24,start_new_habitat,megastructure,new habitat site,growth,true,,0,0,80,True,True,True,[],"{""alloys"":""200""}",{},{},megastructure,legal_new_habitat_site,active parent habitat construction,report habitat anti-spam defect fixture
1,f70407d316d85e76fb66b50efd74dbdcec883c5e2b501a1bfcb5082cb2c4568a,deterministic_model_not_runtime_proof,no_legal_producer,parent-only,12,blocked_gas_producer,strategic_producer,no legal producer exists,emergency,blocked_legality,,0,0,40,False,False,False,legality,"{""energy"":""100""}",{},"{""exotic_gases"":""1""}",planetary,market_access,parent producer legality,report no-legal-producer fixture
1,f70407d316d85e76fb66b50efd74dbdcec883c5e2b501a1bfcb5082cb2c4568a,deterministic_model_not_runtime_proof,no_legal_producer,parent-only,12,native_market_bridge,market_bridge,native market purchase bridge,emergency,true,,0,0,70,True,True,True,[],"{""energy"":""100""}",{},{},,market_access,active parent market behavior,report no-legal-producer fixture
1,f70407d316d85e76fb66b50efd74dbdcec883c5e2b501a1bfcb5082cb2c4568a,deterministic_model_not_runtime_proof,no_legal_producer,deficit-only-plus-one,12,blocked_gas_producer,strategic_producer,no legal producer exists,emergency,blocked_legality,,0,0,40,False,False,False,legality,"{""energy"":""100""}",{},"{""exotic_gases"":""1""}",planetary,market_access,parent producer legality,report no-legal-producer fixture
1,f70407d316d85e76fb66b50efd74dbdcec883c5e2b501a1bfcb5082cb2c4568a,deterministic_model_not_runtime_proof,no_legal_producer,deficit-only-plus-one,12,native_market_bridge,market_bridge,native market purchase bridge,emergency,true,,0,0,70,True,True,True,[],"{""energy"":""100""}",{},{},,market_access,active parent market behavior,report no-legal-producer fixture
1,f70407d316d85e76fb66b50efd74dbdcec883c5e2b501a1bfcb5082cb2c4568a,deterministic_model_not_runtime_proof,no_legal_producer,deficit-only-plus-two,12,blocked_gas_producer,strategic_producer,no legal producer exists,emergency,blocked_legality,,0,0,40,False,False,False,legality,"{""energy"":""100""}",{},"{""exotic_gases"":""1""}",planetary,market_access,parent producer legality,report no-legal-producer fixture
1,f70407d316d85e76fb66b50efd74dbdcec883c5e2b501a1bfcb5082cb2c4568a,deterministic_model_not_runtime_proof,no_legal_producer,deficit-only-plus-two,12,native_market_bridge,market_bridge,native market purchase bridge,emergency,true,,0,0,70,True,True,True,[],"{""energy"":""100""}",{},{},,market_access,active parent market behavior,report no-legal-producer fixture
1,f70407d316d85e76fb66b50efd74dbdcec883c5e2b501a1bfcb5082cb2c4568a,deterministic_model_not_runtime_proof,no_legal_producer,prezero-runway-plus-one,12,blocked_gas_producer,strategic_producer,no legal producer exists,emergency,blocked_legality,,0,0,40,False,False,False,legality,"{""energy"":""100""}",{},"{""exotic_gases"":""1""}",planetary,market_access,parent producer legality,report no-legal-producer fixture
1,f70407d316d85e76fb66b50efd74dbdcec883c5e2b501a1bfcb5082cb2c4568a,deterministic_model_not_runtime_proof,no_legal_producer,prezero-runway-plus-one,12,native_market_bridge,market_bridge,native market purchase bridge,emergency,true,,0,0,70,True,True,True,[],"{""energy"":""100""}",{},{},,market_access,active parent market behavior,report no-legal-producer fixture
1,f70407d316d85e76fb66b50efd74dbdcec883c5e2b501a1bfcb5082cb2c4568a,deterministic_model_not_runtime_proof,no_legal_producer,failed-c9da19b3,12,blocked_gas_producer,strategic_producer,no legal producer exists,emergency,blocked_legality,,0,0,40,False,False,False,legality,"{""energy"":""100""}",{},"{""exotic_gases"":""1""}",planetary,market_access,parent producer legality,report no-legal-producer fixture
1,f70407d316d85e76fb66b50efd74dbdcec883c5e2b501a1bfcb5082cb2c4568a,deterministic_model_not_runtime_proof,no_legal_producer,failed-c9da19b3,12,native_market_bridge,market_bridge,native market purchase bridge,emergency,true,,0,0,70,True,True,True,[],"{""energy"":""100""}",{},{},,market_access,active parent market behavior,report no-legal-producer fixture
1,f70407d316d85e76fb66b50efd74dbdcec883c5e2b501a1bfcb5082cb2c4568a,deterministic_model_not_runtime_proof,failed_c9_collateral,parent-only,24,c9_research_lab,research,research-designated construction,growth,true,,0,0,100,True,True,True,[],"{""minerals"":""60""}",{},{},planetary,research_designation,active parent research construction,c9da19b3 collateral-starvation regression fixture
1,f70407d316d85e76fb66b50efd74dbdcec883c5e2b501a1bfcb5082cb2c4568a,deterministic_model_not_runtime_proof,failed_c9_collateral,parent-only,24,c9_gas_overreaction,strategic_producer,unneeded gas producer,optional_surplus,false,parent_owns,0,0,10,True,True,True,[],"{""minerals"":""60""}",{},"{""exotic_gases"":""1""}",planetary,research_designation,c9da19b3 failed policy,c9da19b3 collateral-starvation regression fixture
1,f70407d316d85e76fb66b50efd74dbdcec883c5e2b501a1bfcb5082cb2c4568a,deterministic_model_not_runtime_proof,failed_c9_collateral,deficit-only-plus-one,24,c9_research_lab,research,research-designated construction,growth,true,,0,0,100,True,True,True,[],"{""minerals"":""60""}",{},{},planetary,research_designation,active parent research construction,c9da19b3 collateral-starvation regression fixture
1,f70407d316d85e76fb66b50efd74dbdcec883c5e2b501a1bfcb5082cb2c4568a,deterministic_model_not_runtime_proof,failed_c9_collateral,deficit-only-plus-one,24,c9_gas_overreaction,strategic_producer,unneeded gas producer,optional_surplus,false,no_active_use,0,0,110,True,True,True,[],"{""minerals"":""60""}",{},"{""exotic_gases"":""1""}",planetary,research_designation,c9da19b3 failed policy,c9da19b3 collateral-starvation regression fixture
1,f70407d316d85e76fb66b50efd74dbdcec883c5e2b501a1bfcb5082cb2c4568a,deterministic_model_not_runtime_proof,failed_c9_collateral,deficit-only-plus-two,24,c9_research_lab,research,research-designated construction,growth,true,,0,0,100,True,True,True,[],"{""minerals"":""60""}",{},{},planetary,research_designation,active parent research construction,c9da19b3 collateral-starvation regression fixture
1,f70407d316d85e76fb66b50efd74dbdcec883c5e2b501a1bfcb5082cb2c4568a,deterministic_model_not_runtime_proof,failed_c9_collateral,deficit-only-plus-two,24,c9_gas_overreaction,strategic_producer,unneeded gas producer,optional_surplus,false,no_active_use,0,0,160,True,True,True,[],"{""minerals"":""60""}",{},"{""exotic_gases"":""1""}",planetary,research_designation,c9da19b3 failed policy,c9da19b3 collateral-starvation regression fixture
1,f70407d316d85e76fb66b50efd74dbdcec883c5e2b501a1bfcb5082cb2c4568a,deterministic_model_not_runtime_proof,failed_c9_collateral,prezero-runway-plus-one,24,c9_research_lab,research,research-designated construction,growth,true,,0,0,100,True,True,True,[],"{""minerals"":""60""}",{},{},planetary,research_designation,active parent research construction,c9da19b3 collateral-starvation regression fixture
1,f70407d316d85e76fb66b50efd74dbdcec883c5e2b501a1bfcb5082cb2c4568a,deterministic_model_not_runtime_proof,failed_c9_collateral,prezero-runway-plus-one,24,c9_gas_overreaction,strategic_producer,unneeded gas producer,optional_surplus,false,no_active_use,0,0,110,True,True,True,[],"{""minerals"":""60""}",{},"{""exotic_gases"":""1""}",planetary,research_designation,c9da19b3 failed policy,c9da19b3 collateral-starvation regression fixture
1,f70407d316d85e76fb66b50efd74dbdcec883c5e2b501a1bfcb5082cb2c4568a,deterministic_model_not_runtime_proof,failed_c9_collateral,failed-c9da19b3,24,c9_research_lab,research,research-designated construction,growth,true,,0,0,100,True,True,True,[],"{""minerals"":""60""}",{},{},planetary,research_designation,active parent research construction,c9da19b3 collateral-starvation regression fixture
1,f70407d316d85e76fb66b50efd74dbdcec883c5e2b501a1bfcb5082cb2c4568a,deterministic_model_not_runtime_proof,failed_c9_collateral,failed-c9da19b3,24,c9_gas_overreaction,strategic_producer,unneeded gas producer,optional_surplus,true,failed_low_income_target,4500,4500,4510,True,True,True,[],"{""minerals"":""60""}",{},"{""exotic_gases"":""1""}",planetary,research_designation,c9da19b3 failed policy,c9da19b3 collateral-starvation regression fixture
1,f70407d316d85e76fb66b50efd74dbdcec883c5e2b501a1bfcb5082cb2c4568a,deterministic_model_not_runtime_proof,research_motes_deficit,parent-only,24,motes_research_lane,research,research-designated colony,growth,true,,0,0,100,True,True,True,[],"{""minerals"":""60""}","{""consumer_goods"":""1""}","{""research"":""10""}",planetary,research_designation,active parent research construction,strategic-resource family concurrency fixture
1,f70407d316d85e76fb66b50efd74dbdcec883c5e2b501a1bfcb5082cb2c4568a,deterministic_model_not_runtime_proof,research_motes_deficit,parent-only,24,motes_recovery_lane,strategic_producer,legal motes plant,emergency,false,parent_owns,0,0,40,True,True,True,[],"{""minerals"":""60""}","{""energy"":""1""}","{""volatile_motes"":""1""}",planetary,research_designation,active parent producer winner,strategic-resource family concurrency fixture
1,f70407d316d85e76fb66b50efd74dbdcec883c5e2b501a1bfcb5082cb2c4568a,deterministic_model_not_runtime_proof,research_motes_deficit,deficit-only-plus-one,24,motes_research_lane,research,research-designated colony,growth,true,,0,0,100,True,True,True,[],"{""minerals"":""60""}","{""consumer_goods"":""1""}","{""research"":""10""}",planetary,research_designation,active parent research construction,strategic-resource family concurrency fixture
1,f70407d316d85e76fb66b50efd74dbdcec883c5e2b501a1bfcb5082cb2c4568a,deterministic_model_not_runtime_proof,research_motes_deficit,deficit-only-plus-one,24,motes_recovery_lane,strategic_producer,legal motes plant,emergency,true,actual_deficit,1,1,140,True,True,True,[],"{""minerals"":""60""}","{""energy"":""1""}","{""volatile_motes"":""1""}",planetary,research_designation,active parent producer winner,strategic-resource family concurrency fixture
1,f70407d316d85e76fb66b50efd74dbdcec883c5e2b501a1bfcb5082cb2c4568a,deterministic_model_not_runtime_proof,research_motes_deficit,deficit-only-plus-two,24,motes_research_lane,research,research-designated colony,growth,true,,0,0,100,True,True,True,[],"{""minerals"":""60""}","{""consumer_goods"":""1""}","{""research"":""10""}",planetary,research_designation,active parent research construction,strategic-resource family concurrency fixture
1,f70407d316d85e76fb66b50efd74dbdcec883c5e2b501a1bfcb5082cb2c4568a,deterministic_model_not_runtime_proof,research_motes_deficit,deficit-only-plus-two,24,motes_recovery_lane,strategic_producer,legal motes plant,emergency,true,actual_deficit,1,1,190,True,True,True,[],"{""minerals"":""60""}","{""energy"":""1""}","{""volatile_motes"":""1""}",planetary,research_designation,active parent producer winner,strategic-resource family concurrency fixture
1,f70407d316d85e76fb66b50efd74dbdcec883c5e2b501a1bfcb5082cb2c4568a,deterministic_model_not_runtime_proof,research_motes_deficit,prezero-runway-plus-one,24,motes_research_lane,research,research-designated colony,growth,true,,0,0,100,True,True,True,[],"{""minerals"":""60""}","{""consumer_goods"":""1""}","{""research"":""10""}",planetary,research_designation,active parent research construction,strategic-resource family concurrency fixture
1,f70407d316d85e76fb66b50efd74dbdcec883c5e2b501a1bfcb5082cb2c4568a,deterministic_model_not_runtime_proof,research_motes_deficit,prezero-runway-plus-one,24,motes_recovery_lane,strategic_producer,legal motes plant,emergency,true,actual_deficit,1,1,140,True,True,True,[],"{""minerals"":""60""}","{""energy"":""1""}","{""volatile_motes"":""1""}",planetary,research_designation,active parent producer winner,strategic-resource family concurrency fixture
1,f70407d316d85e76fb66b50efd74dbdcec883c5e2b501a1bfcb5082cb2c4568a,deterministic_model_not_runtime_proof,research_motes_deficit,failed-c9da19b3,24,motes_research_lane,research,research-designated colony,growth,true,,0,0,100,True,True,True,[],"{""minerals"":""60""}","{""consumer_goods"":""1""}","{""research"":""10""}",planetary,research_designation,active parent research construction,strategic-resource family concurrency fixture
1,f70407d316d85e76fb66b50efd74dbdcec883c5e2b501a1bfcb5082cb2c4568a,deterministic_model_not_runtime_proof,research_motes_deficit,failed-c9da19b3,24,motes_recovery_lane,strategic_producer,legal motes plant,emergency,true,failed_low_income_target,4500,4500,4540,True,True,True,[],"{""minerals"":""60""}","{""energy"":""1""}","{""volatile_motes"":""1""}",planetary,research_designation,active parent producer winner,strategic-resource family concurrency fixture
1,f70407d316d85e76fb66b50efd74dbdcec883c5e2b501a1bfcb5082cb2c4568a,deterministic_model_not_runtime_proof,defense_crystals_deficit,parent-only,24,crystals_defense_lane,defense,threat-required defense,emergency,true,,0,0,150,True,True,True,[],"{""alloys"":""80""}",{},{},starbase,threat_active,active parent defense planner,strategic-resource family concurrency fixture
1,f70407d316d85e76fb66b50efd74dbdcec883c5e2b501a1bfcb5082cb2c4568a,deterministic_model_not_runtime_proof,defense_crystals_deficit,parent-only,24,crystals_recovery_lane,strategic_producer,legal crystal plant,emergency,false,parent_owns,0,0,40,True,True,True,[],"{""minerals"":""60""}","{""energy"":""1""}","{""rare_crystals"":""1""}",planetary,threat_active,active parent producer winner,strategic-resource family concurrency fixture
1,f70407d316d85e76fb66b50efd74dbdcec883c5e2b501a1bfcb5082cb2c4568a,deterministic_model_not_runtime_proof,defense_crystals_deficit,deficit-only-plus-one,24,crystals_defense_lane,defense,threat-required defense,emergency,true,,0,0,150,True,True,True,[],"{""alloys"":""80""}",{},{},starbase,threat_active,active parent defense planner,strategic-resource family concurrency fixture
1,f70407d316d85e76fb66b50efd74dbdcec883c5e2b501a1bfcb5082cb2c4568a,deterministic_model_not_runtime_proof,defense_crystals_deficit,deficit-only-plus-one,24,crystals_recovery_lane,strategic_producer,legal crystal plant,emergency,true,actual_deficit,1,1,140,True,True,True,[],"{""minerals"":""60""}","{""energy"":""1""}","{""rare_crystals"":""1""}",planetary,threat_active,active parent producer winner,strategic-resource family concurrency fixture
1,f70407d316d85e76fb66b50efd74dbdcec883c5e2b501a1bfcb5082cb2c4568a,deterministic_model_not_runtime_proof,defense_crystals_deficit,deficit-only-plus-two,24,crystals_defense_lane,defense,threat-required defense,emergency,true,,0,0,150,True,True,True,[],"{""alloys"":""80""}",{},{},starbase,threat_active,active parent defense planner,strategic-resource family concurrency fixture
1,f70407d316d85e76fb66b50efd74dbdcec883c5e2b501a1bfcb5082cb2c4568a,deterministic_model_not_runtime_proof,defense_crystals_deficit,deficit-only-plus-two,24,crystals_recovery_lane,strategic_producer,legal crystal plant,emergency,true,actual_deficit,1,1,190,True,True,True,[],"{""minerals"":""60""}","{""energy"":""1""}","{""rare_crystals"":""1""}",planetary,threat_active,active parent producer winner,strategic-resource family concurrency fixture
1,f70407d316d85e76fb66b50efd74dbdcec883c5e2b501a1bfcb5082cb2c4568a,deterministic_model_not_runtime_proof,defense_crystals_deficit,prezero-runway-plus-one,24,crystals_defense_lane,defense,threat-required defense,emergency,true,,0,0,150,True,True,True,[],"{""alloys"":""80""}",{},{},starbase,threat_active,active parent defense planner,strategic-resource family concurrency fixture
1,f70407d316d85e76fb66b50efd74dbdcec883c5e2b501a1bfcb5082cb2c4568a,deterministic_model_not_runtime_proof,defense_crystals_deficit,prezero-runway-plus-one,24,crystals_recovery_lane,strategic_producer,legal crystal plant,emergency,true,actual_deficit,1,1,140,True,True,True,[],"{""minerals"":""60""}","{""energy"":""1""}","{""rare_crystals"":""1""}",planetary,threat_active,active parent producer winner,strategic-resource family concurrency fixture
1,f70407d316d85e76fb66b50efd74dbdcec883c5e2b501a1bfcb5082cb2c4568a,deterministic_model_not_runtime_proof,defense_crystals_deficit,failed-c9da19b3,24,crystals_defense_lane,defense,threat-required defense,emergency,true,,0,0,150,True,True,True,[],"{""alloys"":""80""}",{},{},starbase,threat_active,active parent defense planner,strategic-resource family concurrency fixture
1,f70407d316d85e76fb66b50efd74dbdcec883c5e2b501a1bfcb5082cb2c4568a,deterministic_model_not_runtime_proof,defense_crystals_deficit,failed-c9da19b3,24,crystals_recovery_lane,strategic_producer,legal crystal plant,emergency,true,failed_low_income_target,4500,4500,4540,True,True,True,[],"{""minerals"":""60""}","{""energy"":""1""}","{""rare_crystals"":""1""}",planetary,threat_active,active parent producer winner,strategic-resource family concurrency fixture
1,f70407d316d85e76fb66b50efd74dbdcec883c5e2b501a1bfcb5082cb2c4568a,deterministic_model_not_runtime_proof,pending_gas_full_commitment,parent-only,24,pending_full_gas_candidate,strategic_producer,duplicate gas recovery candidate,emergency,false,parent_owns,0,0,40,True,True,True,[],"{""minerals"":""60""}","{""energy"":""1""}","{""exotic_gases"":""1""}",planetary,ordinary_state,active parent producer winner,pending full-commitment recovery fixture
1,f70407d316d85e76fb66b50efd74dbdcec883c5e2b501a1bfcb5082cb2c4568a,deterministic_model_not_runtime_proof,pending_gas_full_commitment,deficit-only-plus-one,24,pending_full_gas_candidate,strategic_producer,duplicate gas recovery candidate,emergency,false,committed_recovery,0,0,140,True,True,True,[],"{""minerals"":""60""}","{""energy"":""1""}","{""exotic_gases"":""1""}",planetary,ordinary_state,active parent producer winner,pending full-commitment recovery fixture
1,f70407d316d85e76fb66b50efd74dbdcec883c5e2b501a1bfcb5082cb2c4568a,deterministic_model_not_runtime_proof,pending_gas_full_commitment,deficit-only-plus-two,24,pending_full_gas_candidate,strategic_producer,duplicate gas recovery candidate,emergency,false,committed_recovery,0,0,190,True,True,True,[],"{""minerals"":""60""}","{""energy"":""1""}","{""exotic_gases"":""1""}",planetary,ordinary_state,active parent producer winner,pending full-commitment recovery fixture
1,f70407d316d85e76fb66b50efd74dbdcec883c5e2b501a1bfcb5082cb2c4568a,deterministic_model_not_runtime_proof,pending_gas_full_commitment,prezero-runway-plus-one,24,pending_full_gas_candidate,strategic_producer,duplicate gas recovery candidate,emergency,false,committed_recovery,0,0,140,True,True,True,[],"{""minerals"":""60""}","{""energy"":""1""}","{""exotic_gases"":""1""}",planetary,ordinary_state,active parent producer winner,pending full-commitment recovery fixture
1,f70407d316d85e76fb66b50efd74dbdcec883c5e2b501a1bfcb5082cb2c4568a,deterministic_model_not_runtime_proof,pending_gas_full_commitment,failed-c9da19b3,24,pending_full_gas_candidate,strategic_producer,duplicate gas recovery candidate,emergency,true,failed_low_income_target,4500,4500,4540,True,True,True,[],"{""minerals"":""60""}","{""energy"":""1""}","{""exotic_gases"":""1""}",planetary,ordinary_state,active parent producer winner,pending full-commitment recovery fixture
1,f70407d316d85e76fb66b50efd74dbdcec883c5e2b501a1bfcb5082cb2c4568a,deterministic_model_not_runtime_proof,pending_gas_fractional_commitment,parent-only,24,pending_fractional_gas_candidate,strategic_producer,residual gas recovery candidate,emergency,false,parent_owns,0,0,40,True,True,True,[],"{""minerals"":""60""}","{""energy"":""1""}","{""exotic_gases"":""1""}",planetary,ordinary_state,active parent producer winner,pending fractional-commitment recovery fixture
1,f70407d316d85e76fb66b50efd74dbdcec883c5e2b501a1bfcb5082cb2c4568a,deterministic_model_not_runtime_proof,pending_gas_fractional_commitment,deficit-only-plus-one,24,pending_fractional_gas_candidate,strategic_producer,residual gas recovery candidate,emergency,true,actual_deficit,0.5,0.5,140,True,True,True,[],"{""minerals"":""60""}","{""energy"":""1""}","{""exotic_gases"":""1""}",planetary,ordinary_state,active parent producer winner,pending fractional-commitment recovery fixture
1,f70407d316d85e76fb66b50efd74dbdcec883c5e2b501a1bfcb5082cb2c4568a,deterministic_model_not_runtime_proof,pending_gas_fractional_commitment,deficit-only-plus-two,24,pending_fractional_gas_candidate,strategic_producer,residual gas recovery candidate,emergency,true,actual_deficit,0.5,0.5,190,True,True,True,[],"{""minerals"":""60""}","{""energy"":""1""}","{""exotic_gases"":""1""}",planetary,ordinary_state,active parent producer winner,pending fractional-commitment recovery fixture
1,f70407d316d85e76fb66b50efd74dbdcec883c5e2b501a1bfcb5082cb2c4568a,deterministic_model_not_runtime_proof,pending_gas_fractional_commitment,prezero-runway-plus-one,24,pending_fractional_gas_candidate,strategic_producer,residual gas recovery candidate,emergency,true,actual_deficit,0.5,0.5,140,True,True,True,[],"{""minerals"":""60""}","{""energy"":""1""}","{""exotic_gases"":""1""}",planetary,ordinary_state,active parent producer winner,pending fractional-commitment recovery fixture
1,f70407d316d85e76fb66b50efd74dbdcec883c5e2b501a1bfcb5082cb2c4568a,deterministic_model_not_runtime_proof,pending_gas_fractional_commitment,failed-c9da19b3,24,pending_fractional_gas_candidate,strategic_producer,residual gas recovery candidate,emergency,true,failed_low_income_target,4500,4500,4540,True,True,True,[],"{""minerals"":""60""}","{""energy"":""1""}","{""exotic_gases"":""1""}",planetary,ordinary_state,active parent producer winner,pending fractional-commitment recovery fixture
1,f70407d316d85e76fb66b50efd74dbdcec883c5e2b501a1bfcb5082cb2c4568a,deterministic_model_not_runtime_proof,pending_gas_slow_commitment,parent-only,24,pending_slow_gas_candidate,strategic_producer,near-term gas recovery candidate,emergency,false,parent_owns,0,0,40,True,True,True,[],"{""minerals"":""60""}","{""energy"":""1""}","{""exotic_gases"":""1""}",planetary,ordinary_state,active parent producer winner,pending slow-commitment recovery fixture
1,f70407d316d85e76fb66b50efd74dbdcec883c5e2b501a1bfcb5082cb2c4568a,deterministic_model_not_runtime_proof,pending_gas_slow_commitment,deficit-only-plus-one,24,pending_slow_gas_candidate,strategic_producer,near-term gas recovery candidate,emergency,true,actual_deficit,1,0,140,True,True,True,[],"{""minerals"":""60""}","{""energy"":""1""}","{""exotic_gases"":""1""}",planetary,ordinary_state,active parent producer winner,pending slow-commitment recovery fixture
1,f70407d316d85e76fb66b50efd74dbdcec883c5e2b501a1bfcb5082cb2c4568a,deterministic_model_not_runtime_proof,pending_gas_slow_commitment,deficit-only-plus-two,24,pending_slow_gas_candidate,strategic_producer,near-term gas recovery candidate,emergency,true,actual_deficit,1,0,190,True,True,True,[],"{""minerals"":""60""}","{""energy"":""1""}","{""exotic_gases"":""1""}",planetary,ordinary_state,active parent producer winner,pending slow-commitment recovery fixture
1,f70407d316d85e76fb66b50efd74dbdcec883c5e2b501a1bfcb5082cb2c4568a,deterministic_model_not_runtime_proof,pending_gas_slow_commitment,prezero-runway-plus-one,24,pending_slow_gas_candidate,strategic_producer,near-term gas recovery candidate,emergency,true,actual_deficit,1,0,140,True,True,True,[],"{""minerals"":""60""}","{""energy"":""1""}","{""exotic_gases"":""1""}",planetary,ordinary_state,active parent producer winner,pending slow-commitment recovery fixture
1,f70407d316d85e76fb66b50efd74dbdcec883c5e2b501a1bfcb5082cb2c4568a,deterministic_model_not_runtime_proof,pending_gas_slow_commitment,failed-c9da19b3,24,pending_slow_gas_candidate,strategic_producer,near-term gas recovery candidate,emergency,true,failed_low_income_target,4500,4500,4540,True,True,True,[],"{""minerals"":""60""}","{""energy"":""1""}","{""exotic_gases"":""1""}",planetary,ordinary_state,active parent producer winner,pending slow-commitment recovery fixture
1,f70407d316d85e76fb66b50efd74dbdcec883c5e2b501a1bfcb5082cb2c4568a,deterministic_model_not_runtime_proof,pending_consumer_runway,parent-only,24,pending_consumer_research_candidate,research,research candidate exposed to pending upkeep,growth,true,,0,0,100,True,True,False,"[{""available"":""0"",""code"":""runway"",""key"":""energy"",""projects"":[""pending_consumer_research_candidate""],""required"":""9.5""}]","{""minerals"":""60""}","{""consumer_goods"":""1"",""energy"":""1""}","{""research"":""10""}",planetary,research_designation,active parent research construction,pending consumer-runway feasibility fixture
1,f70407d316d85e76fb66b50efd74dbdcec883c5e2b501a1bfcb5082cb2c4568a,deterministic_model_not_runtime_proof,pending_consumer_runway,deficit-only-plus-one,24,pending_consumer_research_candidate,research,research candidate exposed to pending upkeep,growth,true,,0,0,100,True,True,False,"[{""available"":""0"",""code"":""runway"",""key"":""energy"",""projects"":[""pending_consumer_research_candidate""],""required"":""9.5""}]","{""minerals"":""60""}","{""consumer_goods"":""1"",""energy"":""1""}","{""research"":""10""}",planetary,research_designation,active parent research construction,pending consumer-runway feasibility fixture
1,f70407d316d85e76fb66b50efd74dbdcec883c5e2b501a1bfcb5082cb2c4568a,deterministic_model_not_runtime_proof,pending_consumer_runway,deficit-only-plus-two,24,pending_consumer_research_candidate,research,research candidate exposed to pending upkeep,growth,true,,0,0,100,True,True,False,"[{""available"":""0"",""code"":""runway"",""key"":""energy"",""projects"":[""pending_consumer_research_candidate""],""required"":""9.5""}]","{""minerals"":""60""}","{""consumer_goods"":""1"",""energy"":""1""}","{""research"":""10""}",planetary,research_designation,active parent research construction,pending consumer-runway feasibility fixture
1,f70407d316d85e76fb66b50efd74dbdcec883c5e2b501a1bfcb5082cb2c4568a,deterministic_model_not_runtime_proof,pending_consumer_runway,prezero-runway-plus-one,24,pending_consumer_research_candidate,research,research candidate exposed to pending upkeep,growth,true,,0,0,100,True,True,False,"[{""available"":""0"",""code"":""runway"",""key"":""energy"",""projects"":[""pending_consumer_research_candidate""],""required"":""9.5""}]","{""minerals"":""60""}","{""consumer_goods"":""1"",""energy"":""1""}","{""research"":""10""}",planetary,research_designation,active parent research construction,pending consumer-runway feasibility fixture
1,f70407d316d85e76fb66b50efd74dbdcec883c5e2b501a1bfcb5082cb2c4568a,deterministic_model_not_runtime_proof,pending_consumer_runway,failed-c9da19b3,24,pending_consumer_research_candidate,research,research candidate exposed to pending upkeep,growth,true,,0,0,100,True,True,False,"[{""available"":""0"",""code"":""runway"",""key"":""energy"",""projects"":[""pending_consumer_research_candidate""],""required"":""9.5""}]","{""minerals"":""60""}","{""consumer_goods"":""1"",""energy"":""1""}","{""research"":""10""}",planetary,research_designation,active parent research construction,pending consumer-runway feasibility fixture
