source_artifact,object_type,object_id,issue_key,source_mod,source_file,current_status,decision,resolved_value_or_policy,evidence,confidence,codex_action
buildings,building,building_giga_matrioshka_brain_uplink_refinery,@[,Gigastructural Engineering & More (4.4),common\buildings\giga_matrioshka_brain_uplinks.txt,variable_value_unresolved,resolved_source_local_variable,Evaluate bracket expressions in source-local context: upkeep_mult = 0.25 * 0.5 = 0.125; research_upkeep_add = 1 * 0.5 = 0.5.,Source file defines @upkeep_mult = 0.25 and @research_upkeep = 1; the refinery object uses `upkeep_mult = @[ upkeep_mult * 0.5 ]` and `research_upkeep_add = @[ research_upkeep * 0.5 ]` in its refinery boost inline scripts.,high,"Teach the numeric resolver to evaluate PDX bracket arithmetic expressions with source-local variables, then remove this unresolved_variable blocker row."
development,district,district_giga_birch_physma_administration,@[,Gigastructural Engineering & More (4.4),common\districts\giga_birch_world.txt,variable_value_unresolved,still_blocked_missing_evidence,Missing value for expression variable `giga_birch_sector_jobs`; cannot evaluate `@[ giga_birch_sector_jobs * 5 ]`.,"Uploaded Gigas `common\districts\giga_birch_world.txt` contains `job_bio_trophy_add = @[ giga_birch_sector_jobs * 5 ]` for this object, but the uploaded context contains no assignment for `@giga_birch_sector_jobs` or `giga_birch_sector_jobs`.",high,"Keep this single blocker until the active-stack source defining `giga_birch_sector_jobs` is supplied, probably a Gigas scripted-variable or included variable file; do not infer the job count."
development,district,district_giga_frameworld_amenities_dystopian,@[,Gigastructural Engineering & More (4.4),common\districts\giga_frameworld_districts.txt,variable_value_unresolved,resolved_source_local_variable,Evaluate bracket expressions in source-local context: minerals cost = 1000 * 2 = 2000; energy upkeep = 5 * 2 = 10.,Source file defines @advanced_cost = 1000 and @advanced_upkeep = 5; the dystopian amenities district uses `minerals = @[ advanced_cost * 2 ]` and `energy = @[ advanced_upkeep * 2 ]`.,high,Teach the numeric resolver to evaluate PDX bracket arithmetic expressions with source-local variables; update development and strategic-infrastructure rows and remove this blocker row.
strategic_infrastructure,building,building_ai_emporium,@crime_floor_from_legal_crime,Stellaris vanilla,common\buildings\14_branch_office_buildings.txt,variable_value_unresolved,resolved_source_local_variable,@crime_floor_from_legal_crime = 5,Source-local variable assignment found in Stellaris vanilla/common\buildings\14_branch_office_buildings.txt: @crime_floor_from_legal_crime = 5.,high,Update source-local variable resolution so building:building_ai_emporium consumes @crime_floor_from_legal_crime as 5 and remove this unresolved_variable blocker row.
strategic_infrastructure,building,building_amusement_megaplex,@crime_floor_from_legal_crime,Stellaris vanilla,common\buildings\14_branch_office_buildings.txt,variable_value_unresolved,resolved_source_local_variable,@crime_floor_from_legal_crime = 5,Source-local variable assignment found in Stellaris vanilla/common\buildings\14_branch_office_buildings.txt: @crime_floor_from_legal_crime = 5.,high,Update source-local variable resolution so building:building_amusement_megaplex consumes @crime_floor_from_legal_crime as 5 and remove this unresolved_variable blocker row.
strategic_infrastructure,building,building_augmentation_bazaars_branch,@crime_floor_from_legal_crime,Stellaris vanilla,common\buildings\14_branch_office_buildings.txt,variable_value_unresolved,resolved_source_local_variable,@crime_floor_from_legal_crime = 5,Source-local variable assignment found in Stellaris vanilla/common\buildings\14_branch_office_buildings.txt: @crime_floor_from_legal_crime = 5.,high,Update source-local variable resolution so building:building_augmentation_bazaars_branch consumes @crime_floor_from_legal_crime as 5 and remove this unresolved_variable blocker row.
strategic_infrastructure,building,building_capital,@tier_2_capital_defense_armies,Stellaris vanilla,common\buildings\00_capital_buildings.txt,variable_value_unresolved,resolved_source_local_variable,@tier_2_capital_defense_armies = 4,Source-local variable assignment found in Stellaris vanilla/common\buildings\00_capital_buildings.txt: @tier_2_capital_defense_armies = 4.,high,Update source-local variable resolution so building:building_capital consumes @tier_2_capital_defense_armies as 4 and remove this unresolved_variable blocker row.
strategic_infrastructure,building,building_capital_wilderness,@tier_2_capital_defense_armies,Stellaris vanilla,common\buildings\21_wilderness_buildings.txt,variable_value_unresolved,resolved_source_local_variable,@tier_2_capital_defense_armies = 4,Source-local variable assignment found in Stellaris vanilla/common\buildings\21_wilderness_buildings.txt: @tier_2_capital_defense_armies = 4.,high,Update source-local variable resolution so building:building_capital_wilderness consumes @tier_2_capital_defense_armies as 4 and remove this unresolved_variable blocker row.
strategic_infrastructure,building,building_clear_thought_clinic,@crime_floor_from_legal_crime,Stellaris vanilla,common\buildings\14_branch_office_buildings.txt,variable_value_unresolved,resolved_source_local_variable,@crime_floor_from_legal_crime = 5,Source-local variable assignment found in Stellaris vanilla/common\buildings\14_branch_office_buildings.txt: @crime_floor_from_legal_crime = 5.,high,Update source-local variable resolution so building:building_clear_thought_clinic consumes @crime_floor_from_legal_crime as 5 and remove this unresolved_variable blocker row.
strategic_infrastructure,building,building_commercial_forum,@crime_floor_from_legal_crime,Stellaris vanilla,common\buildings\14_branch_office_buildings.txt,variable_value_unresolved,resolved_source_local_variable,@crime_floor_from_legal_crime = 5,Source-local variable assignment found in Stellaris vanilla/common\buildings\14_branch_office_buildings.txt: @crime_floor_from_legal_crime = 5.,high,Update source-local variable resolution so building:building_commercial_forum consumes @crime_floor_from_legal_crime as 5 and remove this unresolved_variable blocker row.
strategic_infrastructure,building,building_corporate_clinics,@crime_floor_from_legal_crime,Stellaris vanilla,common\buildings\14_branch_office_buildings.txt,variable_value_unresolved,resolved_source_local_variable,@crime_floor_from_legal_crime = 5,Source-local variable assignment found in Stellaris vanilla/common\buildings\14_branch_office_buildings.txt: @crime_floor_from_legal_crime = 5.,high,Update source-local variable resolution so building:building_corporate_clinics consumes @crime_floor_from_legal_crime as 5 and remove this unresolved_variable blocker row.
strategic_infrastructure,building,building_corporate_embassy,@crime_floor_from_legal_crime,Stellaris vanilla,common\buildings\14_branch_office_buildings.txt,variable_value_unresolved,resolved_source_local_variable,@crime_floor_from_legal_crime = 5,Source-local variable assignment found in Stellaris vanilla/common\buildings\14_branch_office_buildings.txt: @crime_floor_from_legal_crime = 5.,high,Update source-local variable resolution so building:building_corporate_embassy consumes @crime_floor_from_legal_crime as 5 and remove this unresolved_variable blocker row.
strategic_infrastructure,building,building_executive_retreat,@crime_floor_from_legal_crime,Stellaris vanilla,common\buildings\14_branch_office_buildings.txt,variable_value_unresolved,resolved_source_local_variable,@crime_floor_from_legal_crime = 5,Source-local variable assignment found in Stellaris vanilla/common\buildings\14_branch_office_buildings.txt: @crime_floor_from_legal_crime = 5.,high,Update source-local variable resolution so building:building_executive_retreat consumes @crime_floor_from_legal_crime as 5 and remove this unresolved_variable blocker row.
strategic_infrastructure,building,building_food_conglomerate,@crime_floor_from_legal_crime,Stellaris vanilla,common\buildings\14_branch_office_buildings.txt,variable_value_unresolved,resolved_source_local_variable,@crime_floor_from_legal_crime = 5,Source-local variable assignment found in Stellaris vanilla/common\buildings\14_branch_office_buildings.txt: @crime_floor_from_legal_crime = 5.,high,Update source-local variable resolution so building:building_food_conglomerate consumes @crime_floor_from_legal_crime as 5 and remove this unresolved_variable blocker row.
strategic_infrastructure,building,building_giga_mega_housing,@mega_housing_upkeep,Gigastructural Engineering & More (4.4),common\buildings\giga_ring_world_buildings.txt,variable_value_unresolved,resolved_source_local_variable,@mega_housing_upkeep = 0.4,Source-local variable assignment found in Gigastructural Engineering & More (4.4)/common\buildings\giga_ring_world_buildings.txt: @mega_housing_upkeep = 0.4.,high,Update source-local variable resolution so building:building_giga_mega_housing consumes @mega_housing_upkeep as 0.4 and remove this unresolved_variable blocker row.
strategic_infrastructure,building,building_giga_mega_housing,@ring_building_amenities,Gigastructural Engineering & More (4.4),common\buildings\giga_ring_world_buildings.txt,variable_value_unresolved,resolved_source_local_variable,@ring_building_amenities = 1500,Source-local variable assignment found in Gigastructural Engineering & More (4.4)/common\buildings\giga_ring_world_buildings.txt: @ring_building_amenities = 1500.,high,Update source-local variable resolution so building:building_giga_mega_housing consumes @ring_building_amenities as 1500 and remove this unresolved_variable blocker row.
strategic_infrastructure,building,building_giga_mega_housing,@ring_building_housing,Gigastructural Engineering & More (4.4),common\buildings\giga_ring_world_buildings.txt,variable_value_unresolved,resolved_source_local_variable,@ring_building_housing = 1500,Source-local variable assignment found in Gigastructural Engineering & More (4.4)/common\buildings\giga_ring_world_buildings.txt: @ring_building_housing = 1500.,high,Update source-local variable resolution so building:building_giga_mega_housing consumes @ring_building_housing as 1500 and remove this unresolved_variable blocker row.
strategic_infrastructure,building,building_giga_mega_housing_communal,@mega_housing_upkeep,Gigastructural Engineering & More (4.4),common\buildings\giga_ring_world_buildings.txt,variable_value_unresolved,resolved_source_local_variable,@mega_housing_upkeep = 0.4,Source-local variable assignment found in Gigastructural Engineering & More (4.4)/common\buildings\giga_ring_world_buildings.txt: @mega_housing_upkeep = 0.4.,high,Update source-local variable resolution so building:building_giga_mega_housing_communal consumes @mega_housing_upkeep as 0.4 and remove this unresolved_variable blocker row.
strategic_infrastructure,building,building_giga_mega_housing_communal,@ring_building_amenities_communal,Gigastructural Engineering & More (4.4),common\buildings\giga_ring_world_buildings.txt,variable_value_unresolved,resolved_source_local_variable,@ring_building_amenities_communal = 2500,Source-local variable assignment found in Gigastructural Engineering & More (4.4)/common\buildings\giga_ring_world_buildings.txt: @ring_building_amenities_communal = 2500.,high,Update source-local variable resolution so building:building_giga_mega_housing_communal consumes @ring_building_amenities_communal as 2500 and remove this unresolved_variable blocker row.
strategic_infrastructure,building,building_giga_mega_housing_communal,@ring_building_housing_communal,Gigastructural Engineering & More (4.4),common\buildings\giga_ring_world_buildings.txt,variable_value_unresolved,resolved_source_local_variable,@ring_building_housing_communal = 2000,Source-local variable assignment found in Gigastructural Engineering & More (4.4)/common\buildings\giga_ring_world_buildings.txt: @ring_building_housing_communal = 2000.,high,Update source-local variable resolution so building:building_giga_mega_housing_communal consumes @ring_building_housing_communal as 2000 and remove this unresolved_variable blocker row.
strategic_infrastructure,building,building_giga_mega_housing_hive,@mega_housing_upkeep,Gigastructural Engineering & More (4.4),common\buildings\giga_ring_world_buildings.txt,variable_value_unresolved,resolved_source_local_variable,@mega_housing_upkeep = 0.4,Source-local variable assignment found in Gigastructural Engineering & More (4.4)/common\buildings\giga_ring_world_buildings.txt: @mega_housing_upkeep = 0.4.,high,Update source-local variable resolution so building:building_giga_mega_housing_hive consumes @mega_housing_upkeep as 0.4 and remove this unresolved_variable blocker row.
strategic_infrastructure,building,building_giga_mega_housing_hive,@ring_building_amenities,Gigastructural Engineering & More (4.4),common\buildings\giga_ring_world_buildings.txt,variable_value_unresolved,resolved_source_local_variable,@ring_building_amenities = 1500,Source-local variable assignment found in Gigastructural Engineering & More (4.4)/common\buildings\giga_ring_world_buildings.txt: @ring_building_amenities = 1500.,high,Update source-local variable resolution so building:building_giga_mega_housing_hive consumes @ring_building_amenities as 1500 and remove this unresolved_variable blocker row.
strategic_infrastructure,building,building_giga_mega_housing_hive,@ring_building_housing,Gigastructural Engineering & More (4.4),common\buildings\giga_ring_world_buildings.txt,variable_value_unresolved,resolved_source_local_variable,@ring_building_housing = 1500,Source-local variable assignment found in Gigastructural Engineering & More (4.4)/common\buildings\giga_ring_world_buildings.txt: @ring_building_housing = 1500.,high,Update source-local variable resolution so building:building_giga_mega_housing_hive consumes @ring_building_housing as 1500 and remove this unresolved_variable blocker row.
strategic_infrastructure,building,building_giga_mega_housing_machine,@mega_housing_upkeep,Gigastructural Engineering & More (4.4),common\buildings\giga_ring_world_buildings.txt,variable_value_unresolved,resolved_source_local_variable,@mega_housing_upkeep = 0.4,Source-local variable assignment found in Gigastructural Engineering & More (4.4)/common\buildings\giga_ring_world_buildings.txt: @mega_housing_upkeep = 0.4.,high,Update source-local variable resolution so building:building_giga_mega_housing_machine consumes @mega_housing_upkeep as 0.4 and remove this unresolved_variable blocker row.
strategic_infrastructure,building,building_giga_mega_housing_machine,@ring_building_amenities,Gigastructural Engineering & More (4.4),common\buildings\giga_ring_world_buildings.txt,variable_value_unresolved,resolved_source_local_variable,@ring_building_amenities = 1500,Source-local variable assignment found in Gigastructural Engineering & More (4.4)/common\buildings\giga_ring_world_buildings.txt: @ring_building_amenities = 1500.,high,Update source-local variable resolution so building:building_giga_mega_housing_machine consumes @ring_building_amenities as 1500 and remove this unresolved_variable blocker row.
strategic_infrastructure,building,building_giga_mega_housing_machine,@ring_building_housing,Gigastructural Engineering & More (4.4),common\buildings\giga_ring_world_buildings.txt,variable_value_unresolved,resolved_source_local_variable,@ring_building_housing = 1500,Source-local variable assignment found in Gigastructural Engineering & More (4.4)/common\buildings\giga_ring_world_buildings.txt: @ring_building_housing = 1500.,high,Update source-local variable resolution so building:building_giga_mega_housing_machine consumes @ring_building_housing as 1500 and remove this unresolved_variable blocker row.
strategic_infrastructure,building,building_hab_capital,@tier_2_capital_defense_armies,Stellaris vanilla,common\buildings\00_capital_buildings.txt,variable_value_unresolved,resolved_source_local_variable,@tier_2_capital_defense_armies = 4,Source-local variable assignment found in Stellaris vanilla/common\buildings\00_capital_buildings.txt: @tier_2_capital_defense_armies = 4.,high,Update source-local variable resolution so building:building_hab_capital consumes @tier_2_capital_defense_armies as 4 and remove this unresolved_variable blocker row.
strategic_infrastructure,building,building_hab_major_capital,@tier_3_capital_defense_armies,Stellaris vanilla,common\buildings\00_capital_buildings.txt,variable_value_unresolved,resolved_source_local_variable,@tier_3_capital_defense_armies = 8,Source-local variable assignment found in Stellaris vanilla/common\buildings\00_capital_buildings.txt: @tier_3_capital_defense_armies = 8.,high,Update source-local variable resolution so building:building_hab_major_capital consumes @tier_3_capital_defense_armies as 8 and remove this unresolved_variable blocker row.
strategic_infrastructure,building,building_hab_system_capital,@tier_4_capital_defense_armies,Stellaris vanilla,common\buildings\00_capital_buildings.txt,variable_value_unresolved,resolved_source_local_variable,@tier_4_capital_defense_armies = 16,Source-local variable assignment found in Stellaris vanilla/common\buildings\00_capital_buildings.txt: @tier_4_capital_defense_armies = 16.,high,Update source-local variable resolution so building:building_hab_system_capital consumes @tier_4_capital_defense_armies as 16 and remove this unresolved_variable blocker row.
strategic_infrastructure,building,building_hive_capital,@tier_2_capital_defense_armies,Stellaris vanilla,common\buildings\00_capital_buildings.txt,variable_value_unresolved,resolved_source_local_variable,@tier_2_capital_defense_armies = 4,Source-local variable assignment found in Stellaris vanilla/common\buildings\00_capital_buildings.txt: @tier_2_capital_defense_armies = 4.,high,Update source-local variable resolution so building:building_hive_capital consumes @tier_2_capital_defense_armies as 4 and remove this unresolved_variable blocker row.
strategic_infrastructure,building,building_hive_major_capital,@tier_3_capital_defense_armies,Stellaris vanilla,common\buildings\00_capital_buildings.txt,variable_value_unresolved,resolved_source_local_variable,@tier_3_capital_defense_armies = 8,Source-local variable assignment found in Stellaris vanilla/common\buildings\00_capital_buildings.txt: @tier_3_capital_defense_armies = 8.,high,Update source-local variable resolution so building:building_hive_major_capital consumes @tier_3_capital_defense_armies as 8 and remove this unresolved_variable blocker row.
strategic_infrastructure,building,building_imperial_capital,@tier_4_capital_defense_armies,Stellaris vanilla,common\buildings\00_capital_buildings.txt,variable_value_unresolved,resolved_source_local_variable,@tier_4_capital_defense_armies = 16,Source-local variable assignment found in Stellaris vanilla/common\buildings\00_capital_buildings.txt: @tier_4_capital_defense_armies = 16.,high,Update source-local variable resolution so building:building_imperial_capital consumes @tier_4_capital_defense_armies as 16 and remove this unresolved_variable blocker row.
strategic_infrastructure,building,building_imperial_capital_wilderness,@tier_4_capital_defense_armies,Stellaris vanilla,common\buildings\21_wilderness_buildings.txt,variable_value_unresolved,resolved_source_local_variable,@tier_4_capital_defense_armies = 16,Source-local variable assignment found in Stellaris vanilla/common\buildings\21_wilderness_buildings.txt: @tier_4_capital_defense_armies = 16.,high,Update source-local variable resolution so building:building_imperial_capital_wilderness consumes @tier_4_capital_defense_armies as 16 and remove this unresolved_variable blocker row.
strategic_infrastructure,building,building_imperial_concession_port,@crime_floor_from_legal_crime,Stellaris vanilla,common\buildings\14_branch_office_buildings.txt,variable_value_unresolved,resolved_source_local_variable,@crime_floor_from_legal_crime = 5,Source-local variable assignment found in Stellaris vanilla/common\buildings\14_branch_office_buildings.txt: @crime_floor_from_legal_crime = 5.,high,Update source-local variable resolution so building:building_imperial_concession_port consumes @crime_floor_from_legal_crime as 5 and remove this unresolved_variable blocker row.
strategic_infrastructure,building,building_imperial_hive_capital,@tier_4_capital_defense_armies,Stellaris vanilla,common\buildings\00_capital_buildings.txt,variable_value_unresolved,resolved_source_local_variable,@tier_4_capital_defense_armies = 16,Source-local variable assignment found in Stellaris vanilla/common\buildings\00_capital_buildings.txt: @tier_4_capital_defense_armies = 16.,high,Update source-local variable resolution so building:building_imperial_hive_capital consumes @tier_4_capital_defense_armies as 16 and remove this unresolved_variable blocker row.
strategic_infrastructure,building,building_imperial_machine_capital,@tier_4_capital_defense_armies,Stellaris vanilla,common\buildings\00_capital_buildings.txt,variable_value_unresolved,resolved_source_local_variable,@tier_4_capital_defense_armies = 16,Source-local variable assignment found in Stellaris vanilla/common\buildings\00_capital_buildings.txt: @tier_4_capital_defense_armies = 16.,high,Update source-local variable resolution so building:building_imperial_machine_capital consumes @tier_4_capital_defense_armies as 16 and remove this unresolved_variable blocker row.
strategic_infrastructure,building,building_industrial_subsidiary,@crime_floor_from_legal_crime,Stellaris vanilla,common\buildings\14_branch_office_buildings.txt,variable_value_unresolved,resolved_source_local_variable,@crime_floor_from_legal_crime = 5,Source-local variable assignment found in Stellaris vanilla/common\buildings\14_branch_office_buildings.txt: @crime_floor_from_legal_crime = 5.,high,Update source-local variable resolution so building:building_industrial_subsidiary consumes @crime_floor_from_legal_crime as 5 and remove this unresolved_variable blocker row.
strategic_infrastructure,building,building_knightly_theme_park,@crime_floor_from_legal_crime,Stellaris vanilla,common\buildings\14_branch_office_buildings.txt,variable_value_unresolved,resolved_source_local_variable,@crime_floor_from_legal_crime = 5,Source-local variable assignment found in Stellaris vanilla/common\buildings\14_branch_office_buildings.txt: @crime_floor_from_legal_crime = 5.,high,Update source-local variable resolution so building:building_knightly_theme_park consumes @crime_floor_from_legal_crime as 5 and remove this unresolved_variable blocker row.
strategic_infrastructure,building,building_machine_capital,@tier_2_capital_defense_armies,Stellaris vanilla,common\buildings\00_capital_buildings.txt,variable_value_unresolved,resolved_source_local_variable,@tier_2_capital_defense_armies = 4,Source-local variable assignment found in Stellaris vanilla/common\buildings\00_capital_buildings.txt: @tier_2_capital_defense_armies = 4.,high,Update source-local variable resolution so building:building_machine_capital consumes @tier_2_capital_defense_armies as 4 and remove this unresolved_variable blocker row.
strategic_infrastructure,building,building_machine_major_capital,@tier_3_capital_defense_armies,Stellaris vanilla,common\buildings\00_capital_buildings.txt,variable_value_unresolved,resolved_source_local_variable,@tier_3_capital_defense_armies = 8,Source-local variable assignment found in Stellaris vanilla/common\buildings\00_capital_buildings.txt: @tier_3_capital_defense_armies = 8.,high,Update source-local variable resolution so building:building_machine_major_capital consumes @tier_3_capital_defense_armies as 8 and remove this unresolved_variable blocker row.
strategic_infrastructure,building,building_machine_system_capital,@tier_4_capital_defense_armies,Stellaris vanilla,common\buildings\00_capital_buildings.txt,variable_value_unresolved,resolved_source_local_variable,@tier_4_capital_defense_armies = 16,Source-local variable assignment found in Stellaris vanilla/common\buildings\00_capital_buildings.txt: @tier_4_capital_defense_armies = 16.,high,Update source-local variable resolution so building:building_machine_system_capital consumes @tier_4_capital_defense_armies as 16 and remove this unresolved_variable blocker row.
strategic_infrastructure,building,building_major_capital,@tier_3_capital_defense_armies,Stellaris vanilla,common\buildings\00_capital_buildings.txt,variable_value_unresolved,resolved_source_local_variable,@tier_3_capital_defense_armies = 8,Source-local variable assignment found in Stellaris vanilla/common\buildings\00_capital_buildings.txt: @tier_3_capital_defense_armies = 8.,high,Update source-local variable resolution so building:building_major_capital consumes @tier_3_capital_defense_armies as 8 and remove this unresolved_variable blocker row.
strategic_infrastructure,building,building_major_capital_wilderness,@tier_3_capital_defense_armies,Stellaris vanilla,common\buildings\21_wilderness_buildings.txt,variable_value_unresolved,resolved_source_local_variable,@tier_3_capital_defense_armies = 8,Source-local variable assignment found in Stellaris vanilla/common\buildings\21_wilderness_buildings.txt: @tier_3_capital_defense_armies = 8.,high,Update source-local variable resolution so building:building_major_capital_wilderness consumes @tier_3_capital_defense_armies as 8 and remove this unresolved_variable blocker row.
strategic_infrastructure,building,building_military_contractors,@crime_floor_from_legal_crime,Stellaris vanilla,common\buildings\14_branch_office_buildings.txt,variable_value_unresolved,resolved_source_local_variable,@crime_floor_from_legal_crime = 5,Source-local variable assignment found in Stellaris vanilla/common\buildings\14_branch_office_buildings.txt: @crime_floor_from_legal_crime = 5.,high,Update source-local variable resolution so building:building_military_contractors consumes @crime_floor_from_legal_crime as 5 and remove this unresolved_variable blocker row.
strategic_infrastructure,building,building_private_mining_consortium,@crime_floor_from_legal_crime,Stellaris vanilla,common\buildings\14_branch_office_buildings.txt,variable_value_unresolved,resolved_source_local_variable,@crime_floor_from_legal_crime = 5,Source-local variable assignment found in Stellaris vanilla/common\buildings\14_branch_office_buildings.txt: @crime_floor_from_legal_crime = 5.,high,Update source-local variable resolution so building:building_private_mining_consortium consumes @crime_floor_from_legal_crime as 5 and remove this unresolved_variable blocker row.
strategic_infrastructure,building,building_private_research_initiative,@crime_floor_from_legal_crime,Stellaris vanilla,common\buildings\14_branch_office_buildings.txt,variable_value_unresolved,resolved_source_local_variable,@crime_floor_from_legal_crime = 5,Source-local variable assignment found in Stellaris vanilla/common\buildings\14_branch_office_buildings.txt: @crime_floor_from_legal_crime = 5.,high,Update source-local variable resolution so building:building_private_research_initiative consumes @crime_floor_from_legal_crime as 5 and remove this unresolved_variable blocker row.
strategic_infrastructure,building,building_private_security,@crime_floor_from_legal_crime,Stellaris vanilla,common\buildings\14_branch_office_buildings.txt,variable_value_unresolved,resolved_source_local_variable,@crime_floor_from_legal_crime = 5,Source-local variable assignment found in Stellaris vanilla/common\buildings\14_branch_office_buildings.txt: @crime_floor_from_legal_crime = 5.,high,Update source-local variable resolution so building:building_private_security consumes @crime_floor_from_legal_crime as 5 and remove this unresolved_variable blocker row.
strategic_infrastructure,building,building_private_shipyards,@crime_floor_from_legal_crime,Stellaris vanilla,common\buildings\14_branch_office_buildings.txt,variable_value_unresolved,resolved_source_local_variable,@crime_floor_from_legal_crime = 5,Source-local variable assignment found in Stellaris vanilla/common\buildings\14_branch_office_buildings.txt: @crime_floor_from_legal_crime = 5.,high,Update source-local variable resolution so building:building_private_shipyards consumes @crime_floor_from_legal_crime as 5 and remove this unresolved_variable blocker row.
strategic_infrastructure,building,building_psionic_offices,@crime_floor_from_legal_crime,Stellaris vanilla,common\buildings\14_branch_office_buildings.txt,variable_value_unresolved,resolved_source_local_variable,@crime_floor_from_legal_crime = 5,Source-local variable assignment found in Stellaris vanilla/common\buildings\14_branch_office_buildings.txt: @crime_floor_from_legal_crime = 5.,high,Update source-local variable resolution so building:building_psionic_offices consumes @crime_floor_from_legal_crime as 5 and remove this unresolved_variable blocker row.
strategic_infrastructure,building,building_public_relations_office,@crime_floor_from_legal_crime,Stellaris vanilla,common\buildings\14_branch_office_buildings.txt,variable_value_unresolved,resolved_source_local_variable,@crime_floor_from_legal_crime = 5,Source-local variable assignment found in Stellaris vanilla/common\buildings\14_branch_office_buildings.txt: @crime_floor_from_legal_crime = 5.,high,Update source-local variable resolution so building:building_public_relations_office consumes @crime_floor_from_legal_crime as 5 and remove this unresolved_variable blocker row.
strategic_infrastructure,building,building_system_capital,@tier_4_capital_defense_armies,Stellaris vanilla,common\buildings\00_capital_buildings.txt,variable_value_unresolved,resolved_source_local_variable,@tier_4_capital_defense_armies = 16,Source-local variable assignment found in Stellaris vanilla/common\buildings\00_capital_buildings.txt: @tier_4_capital_defense_armies = 16.,high,Update source-local variable resolution so building:building_system_capital consumes @tier_4_capital_defense_armies as 16 and remove this unresolved_variable blocker row.
strategic_infrastructure,building,building_system_capital_wilderness,@tier_4_capital_defense_armies,Stellaris vanilla,common\buildings\21_wilderness_buildings.txt,variable_value_unresolved,resolved_source_local_variable,@tier_4_capital_defense_armies = 16,Source-local variable assignment found in Stellaris vanilla/common\buildings\21_wilderness_buildings.txt: @tier_4_capital_defense_armies = 16.,high,Update source-local variable resolution so building:building_system_capital_wilderness consumes @tier_4_capital_defense_armies as 16 and remove this unresolved_variable blocker row.
strategic_infrastructure,building,building_virtual_entertainment_studios,@crime_floor_from_legal_crime,Stellaris vanilla,common\buildings\14_branch_office_buildings.txt,variable_value_unresolved,resolved_source_local_variable,@crime_floor_from_legal_crime = 5,Source-local variable assignment found in Stellaris vanilla/common\buildings\14_branch_office_buildings.txt: @crime_floor_from_legal_crime = 5.,high,Update source-local variable resolution so building:building_virtual_entertainment_studios consumes @crime_floor_from_legal_crime as 5 and remove this unresolved_variable blocker row.
strategic_infrastructure,building,building_xeno_tourism_agency,@crime_floor_from_legal_crime,Stellaris vanilla,common\buildings\14_branch_office_buildings.txt,variable_value_unresolved,resolved_source_local_variable,@crime_floor_from_legal_crime = 5,Source-local variable assignment found in Stellaris vanilla/common\buildings\14_branch_office_buildings.txt: @crime_floor_from_legal_crime = 5.,high,Update source-local variable resolution so building:building_xeno_tourism_agency consumes @crime_floor_from_legal_crime as 5 and remove this unresolved_variable blocker row.
strategic_infrastructure,district,district_cosmogenesis_world_logic,@lathe_upkeep,Stellaris vanilla,common\districts\00_special_districts.txt,variable_value_unresolved,resolved_source_local_variable,@lathe_upkeep = 50,Source-local variable assignment found in Stellaris vanilla/common\districts\00_special_districts.txt: @lathe_upkeep = 50.,high,Update source-local variable resolution so district:district_cosmogenesis_world_logic consumes @lathe_upkeep as 50 and remove this unresolved_variable blocker row.
strategic_infrastructure,district,district_cosmogenesis_world_science,@lathe_upkeep,Stellaris vanilla,common\districts\00_special_districts.txt,variable_value_unresolved,resolved_source_local_variable,@lathe_upkeep = 50,Source-local variable assignment found in Stellaris vanilla/common\districts\00_special_districts.txt: @lathe_upkeep = 50.,high,Update source-local variable resolution so district:district_cosmogenesis_world_science consumes @lathe_upkeep as 50 and remove this unresolved_variable blocker row.
strategic_infrastructure,district,district_giga_birch_void_ktisma,@void_birch_maintenance,Gigastructural Engineering & More (4.4),common\districts\giga_voidbirch.txt,variable_value_unresolved,resolved_source_local_variable,@void_birch_maintenance = 1000,Source-local variable assignment found in Gigastructural Engineering & More (4.4)/common\districts\giga_voidbirch.txt: @void_birch_maintenance = 1000.,high,Update source-local variable resolution so district:district_giga_birch_void_ktisma consumes @void_birch_maintenance as 1000 and remove this unresolved_variable blocker row.
strategic_infrastructure,district,district_giga_birch_void_physma,@void_birch_maintenance,Gigastructural Engineering & More (4.4),common\districts\giga_voidbirch.txt,variable_value_unresolved,resolved_source_local_variable,@void_birch_maintenance = 1000,Source-local variable assignment found in Gigastructural Engineering & More (4.4)/common\districts\giga_voidbirch.txt: @void_birch_maintenance = 1000.,high,Update source-local variable resolution so district:district_giga_birch_void_physma consumes @void_birch_maintenance as 1000 and remove this unresolved_variable blocker row.
strategic_infrastructure,district,district_giga_birch_void_structure,@void_birch_maintenance,Gigastructural Engineering & More (4.4),common\districts\giga_voidbirch.txt,variable_value_unresolved,resolved_source_local_variable,@void_birch_maintenance = 1000,Source-local variable assignment found in Gigastructural Engineering & More (4.4)/common\districts\giga_voidbirch.txt: @void_birch_maintenance = 1000.,high,Update source-local variable resolution so district:district_giga_birch_void_structure consumes @void_birch_maintenance as 1000 and remove this unresolved_variable blocker row.
strategic_infrastructure,district,district_giga_elysium_admin,@elysium_maintenance,Gigastructural Engineering & More (4.4),common\districts\giga_elysium.txt,variable_value_unresolved,resolved_source_local_variable,@elysium_maintenance = 5,Source-local variable assignment found in Gigastructural Engineering & More (4.4)/common\districts\giga_elysium.txt: @elysium_maintenance = 5.,high,Update source-local variable resolution so district:district_giga_elysium_admin consumes @elysium_maintenance as 5 and remove this unresolved_variable blocker row.
strategic_infrastructure,district,district_giga_elysium_control,@elysium_maintenance,Gigastructural Engineering & More (4.4),common\districts\giga_elysium.txt,variable_value_unresolved,resolved_source_local_variable,@elysium_maintenance = 5,Source-local variable assignment found in Gigastructural Engineering & More (4.4)/common\districts\giga_elysium.txt: @elysium_maintenance = 5.,high,Update source-local variable resolution so district:district_giga_elysium_control consumes @elysium_maintenance as 5 and remove this unresolved_variable blocker row.
strategic_infrastructure,district,district_giga_elysium_entertainment,@elysium_maintenance,Gigastructural Engineering & More (4.4),common\districts\giga_elysium.txt,variable_value_unresolved,resolved_source_local_variable,@elysium_maintenance = 5,Source-local variable assignment found in Gigastructural Engineering & More (4.4)/common\districts\giga_elysium.txt: @elysium_maintenance = 5.,high,Update source-local variable resolution so district:district_giga_elysium_entertainment consumes @elysium_maintenance as 5 and remove this unresolved_variable blocker row.
strategic_infrastructure,district,district_giga_elysium_housing,@elysium_maintenance,Gigastructural Engineering & More (4.4),common\districts\giga_elysium.txt,variable_value_unresolved,resolved_source_local_variable,@elysium_maintenance = 5,Source-local variable assignment found in Gigastructural Engineering & More (4.4)/common\districts\giga_elysium.txt: @elysium_maintenance = 5.,high,Update source-local variable resolution so district:district_giga_elysium_housing consumes @elysium_maintenance as 5 and remove this unresolved_variable blocker row.
strategic_infrastructure,district,district_giga_elysium_science,@elysium_maintenance,Gigastructural Engineering & More (4.4),common\districts\giga_elysium.txt,variable_value_unresolved,resolved_source_local_variable,@elysium_maintenance = 5,Source-local variable assignment found in Gigastructural Engineering & More (4.4)/common\districts\giga_elysium.txt: @elysium_maintenance = 5.,high,Update source-local variable resolution so district:district_giga_elysium_science consumes @elysium_maintenance as 5 and remove this unresolved_variable blocker row.
strategic_infrastructure,district,district_giga_frameworld_administrative,@advanced_rare_upkeep,Gigastructural Engineering & More (4.4),common\districts\giga_frameworld_districts.txt,variable_value_unresolved,resolved_source_local_variable,@advanced_rare_upkeep = 1,Source-local variable assignment found in Gigastructural Engineering & More (4.4)/common\districts\giga_frameworld_districts.txt: @advanced_rare_upkeep = 1.,high,Update source-local variable resolution so district:district_giga_frameworld_administrative consumes @advanced_rare_upkeep as 1 and remove this unresolved_variable blocker row.
strategic_infrastructure,district,district_giga_frameworld_administrative,@advanced_upkeep,Gigastructural Engineering & More (4.4),common\districts\giga_frameworld_districts.txt,variable_value_unresolved,resolved_source_local_variable,@advanced_upkeep = 5,Source-local variable assignment found in Gigastructural Engineering & More (4.4)/common\districts\giga_frameworld_districts.txt: @advanced_upkeep = 5.,high,Update source-local variable resolution so district:district_giga_frameworld_administrative consumes @advanced_upkeep as 5 and remove this unresolved_variable blocker row.
strategic_infrastructure,district,district_giga_frameworld_amenities,@advanced_rare_upkeep,Gigastructural Engineering & More (4.4),common\districts\giga_frameworld_districts.txt,variable_value_unresolved,resolved_source_local_variable,@advanced_rare_upkeep = 1,Source-local variable assignment found in Gigastructural Engineering & More (4.4)/common\districts\giga_frameworld_districts.txt: @advanced_rare_upkeep = 1.,high,Update source-local variable resolution so district:district_giga_frameworld_amenities consumes @advanced_rare_upkeep as 1 and remove this unresolved_variable blocker row.
strategic_infrastructure,district,district_giga_frameworld_amenities,@advanced_upkeep,Gigastructural Engineering & More (4.4),common\districts\giga_frameworld_districts.txt,variable_value_unresolved,resolved_source_local_variable,@advanced_upkeep = 5,Source-local variable assignment found in Gigastructural Engineering & More (4.4)/common\districts\giga_frameworld_districts.txt: @advanced_upkeep = 5.,high,Update source-local variable resolution so district:district_giga_frameworld_amenities consumes @advanced_upkeep as 5 and remove this unresolved_variable blocker row.
strategic_infrastructure,district,district_giga_frameworld_amenities_dystopian,@[,Gigastructural Engineering & More (4.4),common\districts\giga_frameworld_districts.txt,variable_value_unresolved,resolved_source_local_variable,Evaluate bracket expressions in source-local context: minerals cost = 1000 * 2 = 2000; energy upkeep = 5 * 2 = 10.,Source file defines @advanced_cost = 1000 and @advanced_upkeep = 5; the dystopian amenities district uses `minerals = @[ advanced_cost * 2 ]` and `energy = @[ advanced_upkeep * 2 ]`.,high,Teach the numeric resolver to evaluate PDX bracket arithmetic expressions with source-local variables; update development and strategic-infrastructure rows and remove this blocker row.
strategic_infrastructure,district,district_giga_frameworld_amenities_dystopian,@advanced_rare_upkeep,Gigastructural Engineering & More (4.4),common\districts\giga_frameworld_districts.txt,variable_value_unresolved,resolved_source_local_variable,@advanced_rare_upkeep = 1,Source-local variable assignment found in Gigastructural Engineering & More (4.4)/common\districts\giga_frameworld_districts.txt: @advanced_rare_upkeep = 1.,high,Update source-local variable resolution so district:district_giga_frameworld_amenities_dystopian consumes @advanced_rare_upkeep as 1 and remove this unresolved_variable blocker row.
strategic_infrastructure,district,district_giga_frameworld_amenities_gestalt,@advanced_rare_upkeep,Gigastructural Engineering & More (4.4),common\districts\giga_frameworld_districts.txt,variable_value_unresolved,resolved_source_local_variable,@advanced_rare_upkeep = 1,Source-local variable assignment found in Gigastructural Engineering & More (4.4)/common\districts\giga_frameworld_districts.txt: @advanced_rare_upkeep = 1.,high,Update source-local variable resolution so district:district_giga_frameworld_amenities_gestalt consumes @advanced_rare_upkeep as 1 and remove this unresolved_variable blocker row.
strategic_infrastructure,district,district_giga_frameworld_amenities_gestalt,@advanced_upkeep,Gigastructural Engineering & More (4.4),common\districts\giga_frameworld_districts.txt,variable_value_unresolved,resolved_source_local_variable,@advanced_upkeep = 5,Source-local variable assignment found in Gigastructural Engineering & More (4.4)/common\districts\giga_frameworld_districts.txt: @advanced_upkeep = 5.,high,Update source-local variable resolution so district:district_giga_frameworld_amenities_gestalt consumes @advanced_upkeep as 5 and remove this unresolved_variable blocker row.
strategic_infrastructure,district,district_giga_frameworld_anticrime,@advanced_rare_upkeep,Gigastructural Engineering & More (4.4),common\districts\giga_frameworld_districts.txt,variable_value_unresolved,resolved_source_local_variable,@advanced_rare_upkeep = 1,Source-local variable assignment found in Gigastructural Engineering & More (4.4)/common\districts\giga_frameworld_districts.txt: @advanced_rare_upkeep = 1.,high,Update source-local variable resolution so district:district_giga_frameworld_anticrime consumes @advanced_rare_upkeep as 1 and remove this unresolved_variable blocker row.
strategic_infrastructure,district,district_giga_frameworld_anticrime,@advanced_upkeep,Gigastructural Engineering & More (4.4),common\districts\giga_frameworld_districts.txt,variable_value_unresolved,resolved_source_local_variable,@advanced_upkeep = 5,Source-local variable assignment found in Gigastructural Engineering & More (4.4)/common\districts\giga_frameworld_districts.txt: @advanced_upkeep = 5.,high,Update source-local variable resolution so district:district_giga_frameworld_anticrime consumes @advanced_upkeep as 5 and remove this unresolved_variable blocker row.
strategic_infrastructure,district,district_giga_frameworld_city,@city_upkeep,Gigastructural Engineering & More (4.4),common\districts\giga_frameworld_districts.txt,variable_value_unresolved,resolved_source_local_variable,@city_upkeep = 2,Source-local variable assignment found in Gigastructural Engineering & More (4.4)/common\districts\giga_frameworld_districts.txt: @city_upkeep = 2.,high,Update source-local variable resolution so district:district_giga_frameworld_city consumes @city_upkeep as 2 and remove this unresolved_variable blocker row.
strategic_infrastructure,district,district_giga_frameworld_city_advanced,@advanced_upkeep,Gigastructural Engineering & More (4.4),common\districts\giga_frameworld_districts.txt,variable_value_unresolved,resolved_source_local_variable,@advanced_upkeep = 5,Source-local variable assignment found in Gigastructural Engineering & More (4.4)/common\districts\giga_frameworld_districts.txt: @advanced_upkeep = 5.,high,Update source-local variable resolution so district:district_giga_frameworld_city_advanced consumes @advanced_upkeep as 5 and remove this unresolved_variable blocker row.
strategic_infrastructure,district,district_giga_frameworld_decompressor,@mega_alloy_upkeep,Gigastructural Engineering & More (4.4),common\districts\giga_frameworld_districts.txt,variable_value_unresolved,resolved_source_local_variable,@mega_alloy_upkeep = 5,Source-local variable assignment found in Gigastructural Engineering & More (4.4)/common\districts\giga_frameworld_districts.txt: @mega_alloy_upkeep = 5.,high,Update source-local variable resolution so district:district_giga_frameworld_decompressor consumes @mega_alloy_upkeep as 5 and remove this unresolved_variable blocker row.
strategic_infrastructure,district,district_giga_frameworld_decompressor,@mega_upkeep,Gigastructural Engineering & More (4.4),common\districts\giga_frameworld_districts.txt,variable_value_unresolved,resolved_source_local_variable,@mega_upkeep = 20,Source-local variable assignment found in Gigastructural Engineering & More (4.4)/common\districts\giga_frameworld_districts.txt: @mega_upkeep = 20.,high,Update source-local variable resolution so district:district_giga_frameworld_decompressor consumes @mega_upkeep as 20 and remove this unresolved_variable blocker row.
strategic_infrastructure,district,district_giga_frameworld_factory,@city_upkeep,Gigastructural Engineering & More (4.4),common\districts\giga_frameworld_districts.txt,variable_value_unresolved,resolved_source_local_variable,@city_upkeep = 2,Source-local variable assignment found in Gigastructural Engineering & More (4.4)/common\districts\giga_frameworld_districts.txt: @city_upkeep = 2.,high,Update source-local variable resolution so district:district_giga_frameworld_factory consumes @city_upkeep as 2 and remove this unresolved_variable blocker row.
strategic_infrastructure,district,district_giga_frameworld_factory_advanced,@advanced_rare_upkeep,Gigastructural Engineering & More (4.4),common\districts\giga_frameworld_districts.txt,variable_value_unresolved,resolved_source_local_variable,@advanced_rare_upkeep = 1,Source-local variable assignment found in Gigastructural Engineering & More (4.4)/common\districts\giga_frameworld_districts.txt: @advanced_rare_upkeep = 1.,high,Update source-local variable resolution so district:district_giga_frameworld_factory_advanced consumes @advanced_rare_upkeep as 1 and remove this unresolved_variable blocker row.
strategic_infrastructure,district,district_giga_frameworld_factory_advanced,@advanced_upkeep,Gigastructural Engineering & More (4.4),common\districts\giga_frameworld_districts.txt,variable_value_unresolved,resolved_source_local_variable,@advanced_upkeep = 5,Source-local variable assignment found in Gigastructural Engineering & More (4.4)/common\districts\giga_frameworld_districts.txt: @advanced_upkeep = 5.,high,Update source-local variable resolution so district:district_giga_frameworld_factory_advanced consumes @advanced_upkeep as 5 and remove this unresolved_variable blocker row.
strategic_infrastructure,district,district_giga_frameworld_farming,@base_upkeep,Gigastructural Engineering & More (4.4),common\districts\giga_frameworld_districts.txt,variable_value_unresolved,resolved_source_local_variable,@base_upkeep = 1,Source-local variable assignment found in Gigastructural Engineering & More (4.4)/common\districts\giga_frameworld_districts.txt: @base_upkeep = 1.,high,Update source-local variable resolution so district:district_giga_frameworld_farming consumes @base_upkeep as 1 and remove this unresolved_variable blocker row.
strategic_infrastructure,district,district_giga_frameworld_fortress,@advanced_rare_upkeep,Gigastructural Engineering & More (4.4),common\districts\giga_frameworld_districts.txt,variable_value_unresolved,resolved_source_local_variable,@advanced_rare_upkeep = 1,Source-local variable assignment found in Gigastructural Engineering & More (4.4)/common\districts\giga_frameworld_districts.txt: @advanced_rare_upkeep = 1.,high,Update source-local variable resolution so district:district_giga_frameworld_fortress consumes @advanced_rare_upkeep as 1 and remove this unresolved_variable blocker row.
strategic_infrastructure,district,district_giga_frameworld_fortress,@advanced_upkeep,Gigastructural Engineering & More (4.4),common\districts\giga_frameworld_districts.txt,variable_value_unresolved,resolved_source_local_variable,@advanced_upkeep = 5,Source-local variable assignment found in Gigastructural Engineering & More (4.4)/common\districts\giga_frameworld_districts.txt: @advanced_upkeep = 5.,high,Update source-local variable resolution so district:district_giga_frameworld_fortress consumes @advanced_upkeep as 5 and remove this unresolved_variable blocker row.
strategic_infrastructure,district,district_giga_frameworld_foundry,@city_upkeep,Gigastructural Engineering & More (4.4),common\districts\giga_frameworld_districts.txt,variable_value_unresolved,resolved_source_local_variable,@city_upkeep = 2,Source-local variable assignment found in Gigastructural Engineering & More (4.4)/common\districts\giga_frameworld_districts.txt: @city_upkeep = 2.,high,Update source-local variable resolution so district:district_giga_frameworld_foundry consumes @city_upkeep as 2 and remove this unresolved_variable blocker row.
strategic_infrastructure,district,district_giga_frameworld_foundry_advanced,@advanced_rare_upkeep,Gigastructural Engineering & More (4.4),common\districts\giga_frameworld_districts.txt,variable_value_unresolved,resolved_source_local_variable,@advanced_rare_upkeep = 1,Source-local variable assignment found in Gigastructural Engineering & More (4.4)/common\districts\giga_frameworld_districts.txt: @advanced_rare_upkeep = 1.,high,Update source-local variable resolution so district:district_giga_frameworld_foundry_advanced consumes @advanced_rare_upkeep as 1 and remove this unresolved_variable blocker row.
strategic_infrastructure,district,district_giga_frameworld_foundry_advanced,@advanced_upkeep,Gigastructural Engineering & More (4.4),common\districts\giga_frameworld_districts.txt,variable_value_unresolved,resolved_source_local_variable,@advanced_upkeep = 5,Source-local variable assignment found in Gigastructural Engineering & More (4.4)/common\districts\giga_frameworld_districts.txt: @advanced_upkeep = 5.,high,Update source-local variable resolution so district:district_giga_frameworld_foundry_advanced consumes @advanced_upkeep as 5 and remove this unresolved_variable blocker row.
strategic_infrastructure,district,district_giga_frameworld_generator,@base_upkeep,Gigastructural Engineering & More (4.4),common\districts\giga_frameworld_districts.txt,variable_value_unresolved,resolved_source_local_variable,@base_upkeep = 1,Source-local variable assignment found in Gigastructural Engineering & More (4.4)/common\districts\giga_frameworld_districts.txt: @base_upkeep = 1.,high,Update source-local variable resolution so district:district_giga_frameworld_generator consumes @base_upkeep as 1 and remove this unresolved_variable blocker row.
strategic_infrastructure,district,district_giga_frameworld_hive,@city_upkeep,Gigastructural Engineering & More (4.4),common\districts\giga_frameworld_districts.txt,variable_value_unresolved,resolved_source_local_variable,@city_upkeep = 2,Source-local variable assignment found in Gigastructural Engineering & More (4.4)/common\districts\giga_frameworld_districts.txt: @city_upkeep = 2.,high,Update source-local variable resolution so district:district_giga_frameworld_hive consumes @city_upkeep as 2 and remove this unresolved_variable blocker row.
strategic_infrastructure,district,district_giga_frameworld_hive_advanced,@advanced_upkeep,Gigastructural Engineering & More (4.4),common\districts\giga_frameworld_districts.txt,variable_value_unresolved,resolved_source_local_variable,@advanced_upkeep = 5,Source-local variable assignment found in Gigastructural Engineering & More (4.4)/common\districts\giga_frameworld_districts.txt: @advanced_upkeep = 5.,high,Update source-local variable resolution so district:district_giga_frameworld_hive_advanced consumes @advanced_upkeep as 5 and remove this unresolved_variable blocker row.
strategic_infrastructure,district,district_giga_frameworld_mining,@base_upkeep,Gigastructural Engineering & More (4.4),common\districts\giga_frameworld_districts.txt,variable_value_unresolved,resolved_source_local_variable,@base_upkeep = 1,Source-local variable assignment found in Gigastructural Engineering & More (4.4)/common\districts\giga_frameworld_districts.txt: @base_upkeep = 1.,high,Update source-local variable resolution so district:district_giga_frameworld_mining consumes @base_upkeep as 1 and remove this unresolved_variable blocker row.
strategic_infrastructure,district,district_giga_frameworld_nexus,@city_upkeep,Gigastructural Engineering & More (4.4),common\districts\giga_frameworld_districts.txt,variable_value_unresolved,resolved_source_local_variable,@city_upkeep = 2,Source-local variable assignment found in Gigastructural Engineering & More (4.4)/common\districts\giga_frameworld_districts.txt: @city_upkeep = 2.,high,Update source-local variable resolution so district:district_giga_frameworld_nexus consumes @city_upkeep as 2 and remove this unresolved_variable blocker row.
strategic_infrastructure,district,district_giga_frameworld_nexus_advanced,@advanced_upkeep,Gigastructural Engineering & More (4.4),common\districts\giga_frameworld_districts.txt,variable_value_unresolved,resolved_source_local_variable,@advanced_upkeep = 5,Source-local variable assignment found in Gigastructural Engineering & More (4.4)/common\districts\giga_frameworld_districts.txt: @advanced_upkeep = 5.,high,Update source-local variable resolution so district:district_giga_frameworld_nexus_advanced consumes @advanced_upkeep as 5 and remove this unresolved_variable blocker row.
strategic_infrastructure,district,district_giga_frameworld_penrose,@mega_alloy_upkeep,Gigastructural Engineering & More (4.4),common\districts\giga_frameworld_districts.txt,variable_value_unresolved,resolved_source_local_variable,@mega_alloy_upkeep = 5,Source-local variable assignment found in Gigastructural Engineering & More (4.4)/common\districts\giga_frameworld_districts.txt: @mega_alloy_upkeep = 5.,high,Update source-local variable resolution so district:district_giga_frameworld_penrose consumes @mega_alloy_upkeep as 5 and remove this unresolved_variable blocker row.
strategic_infrastructure,district,district_giga_frameworld_penrose,@mega_upkeep,Gigastructural Engineering & More (4.4),common\districts\giga_frameworld_districts.txt,variable_value_unresolved,resolved_source_local_variable,@mega_upkeep = 20,Source-local variable assignment found in Gigastructural Engineering & More (4.4)/common\districts\giga_frameworld_districts.txt: @mega_upkeep = 20.,high,Update source-local variable resolution so district:district_giga_frameworld_penrose consumes @mega_upkeep as 20 and remove this unresolved_variable blocker row.
strategic_infrastructure,district,district_giga_frameworld_sanctuary,@advanced_rare_upkeep,Gigastructural Engineering & More (4.4),common\districts\giga_frameworld_districts.txt,variable_value_unresolved,resolved_source_local_variable,@advanced_rare_upkeep = 1,Source-local variable assignment found in Gigastructural Engineering & More (4.4)/common\districts\giga_frameworld_districts.txt: @advanced_rare_upkeep = 1.,high,Update source-local variable resolution so district:district_giga_frameworld_sanctuary consumes @advanced_rare_upkeep as 1 and remove this unresolved_variable blocker row.
strategic_infrastructure,district,district_giga_frameworld_sanctuary,@advanced_upkeep,Gigastructural Engineering & More (4.4),common\districts\giga_frameworld_districts.txt,variable_value_unresolved,resolved_source_local_variable,@advanced_upkeep = 5,Source-local variable assignment found in Gigastructural Engineering & More (4.4)/common\districts\giga_frameworld_districts.txt: @advanced_upkeep = 5.,high,Update source-local variable resolution so district:district_giga_frameworld_sanctuary consumes @advanced_upkeep as 5 and remove this unresolved_variable blocker row.
strategic_infrastructure,district,district_giga_frameworld_sanctuary_advanced,@advanced_double_rare_upkeep,Gigastructural Engineering & More (4.4),common\districts\giga_frameworld_districts.txt,variable_value_unresolved,resolved_source_local_variable,@advanced_double_rare_upkeep = 2,Source-local variable assignment found in Gigastructural Engineering & More (4.4)/common\districts\giga_frameworld_districts.txt: @advanced_double_rare_upkeep = 2.,high,Update source-local variable resolution so district:district_giga_frameworld_sanctuary_advanced consumes @advanced_double_rare_upkeep as 2 and remove this unresolved_variable blocker row.
strategic_infrastructure,district,district_giga_frameworld_sanctuary_advanced,@advanced_double_upkeep,Gigastructural Engineering & More (4.4),common\districts\giga_frameworld_districts.txt,variable_value_unresolved,resolved_source_local_variable,@advanced_double_upkeep = 10,Source-local variable assignment found in Gigastructural Engineering & More (4.4)/common\districts\giga_frameworld_districts.txt: @advanced_double_upkeep = 10.,high,Update source-local variable resolution so district:district_giga_frameworld_sanctuary_advanced consumes @advanced_double_upkeep as 10 and remove this unresolved_variable blocker row.
strategic_infrastructure,district,district_giga_frameworld_science,@advanced_rare_upkeep,Gigastructural Engineering & More (4.4),common\districts\giga_frameworld_districts.txt,variable_value_unresolved,resolved_source_local_variable,@advanced_rare_upkeep = 1,Source-local variable assignment found in Gigastructural Engineering & More (4.4)/common\districts\giga_frameworld_districts.txt: @advanced_rare_upkeep = 1.,high,Update source-local variable resolution so district:district_giga_frameworld_science consumes @advanced_rare_upkeep as 1 and remove this unresolved_variable blocker row.
strategic_infrastructure,district,district_giga_frameworld_science,@advanced_upkeep,Gigastructural Engineering & More (4.4),common\districts\giga_frameworld_districts.txt,variable_value_unresolved,resolved_source_local_variable,@advanced_upkeep = 5,Source-local variable assignment found in Gigastructural Engineering & More (4.4)/common\districts\giga_frameworld_districts.txt: @advanced_upkeep = 5.,high,Update source-local variable resolution so district:district_giga_frameworld_science consumes @advanced_upkeep as 5 and remove this unresolved_variable blocker row.
strategic_infrastructure,district,district_giga_frameworld_simulation,@advanced_rare_upkeep,Gigastructural Engineering & More (4.4),common\districts\giga_frameworld_districts.txt,variable_value_unresolved,resolved_source_local_variable,@advanced_rare_upkeep = 1,Source-local variable assignment found in Gigastructural Engineering & More (4.4)/common\districts\giga_frameworld_districts.txt: @advanced_rare_upkeep = 1.,high,Update source-local variable resolution so district:district_giga_frameworld_simulation consumes @advanced_rare_upkeep as 1 and remove this unresolved_variable blocker row.
strategic_infrastructure,district,district_giga_frameworld_simulation,@advanced_upkeep,Gigastructural Engineering & More (4.4),common\districts\giga_frameworld_districts.txt,variable_value_unresolved,resolved_source_local_variable,@advanced_upkeep = 5,Source-local variable assignment found in Gigastructural Engineering & More (4.4)/common\districts\giga_frameworld_districts.txt: @advanced_upkeep = 5.,high,Update source-local variable resolution so district:district_giga_frameworld_simulation consumes @advanced_upkeep as 5 and remove this unresolved_variable blocker row.
strategic_infrastructure,district,district_giga_frameworld_synapse,@advanced_rare_upkeep,Gigastructural Engineering & More (4.4),common\districts\giga_frameworld_districts.txt,variable_value_unresolved,resolved_source_local_variable,@advanced_rare_upkeep = 1,Source-local variable assignment found in Gigastructural Engineering & More (4.4)/common\districts\giga_frameworld_districts.txt: @advanced_rare_upkeep = 1.,high,Update source-local variable resolution so district:district_giga_frameworld_synapse consumes @advanced_rare_upkeep as 1 and remove this unresolved_variable blocker row.
strategic_infrastructure,district,district_giga_frameworld_synapse,@advanced_upkeep,Gigastructural Engineering & More (4.4),common\districts\giga_frameworld_districts.txt,variable_value_unresolved,resolved_source_local_variable,@advanced_upkeep = 5,Source-local variable assignment found in Gigastructural Engineering & More (4.4)/common\districts\giga_frameworld_districts.txt: @advanced_upkeep = 5.,high,Update source-local variable resolution so district:district_giga_frameworld_synapse consumes @advanced_upkeep as 5 and remove this unresolved_variable blocker row.
strategic_infrastructure,district,district_giga_frameworld_temple,@advanced_rare_upkeep,Gigastructural Engineering & More (4.4),common\districts\giga_frameworld_districts.txt,variable_value_unresolved,resolved_source_local_variable,@advanced_rare_upkeep = 1,Source-local variable assignment found in Gigastructural Engineering & More (4.4)/common\districts\giga_frameworld_districts.txt: @advanced_rare_upkeep = 1.,high,Update source-local variable resolution so district:district_giga_frameworld_temple consumes @advanced_rare_upkeep as 1 and remove this unresolved_variable blocker row.
strategic_infrastructure,district,district_giga_frameworld_temple,@advanced_upkeep,Gigastructural Engineering & More (4.4),common\districts\giga_frameworld_districts.txt,variable_value_unresolved,resolved_source_local_variable,@advanced_upkeep = 5,Source-local variable assignment found in Gigastructural Engineering & More (4.4)/common\districts\giga_frameworld_districts.txt: @advanced_upkeep = 5.,high,Update source-local variable resolution so district:district_giga_frameworld_temple consumes @advanced_upkeep as 5 and remove this unresolved_variable blocker row.
strategic_infrastructure,district,district_giga_frameworld_trade,@advanced_rare_upkeep,Gigastructural Engineering & More (4.4),common\districts\giga_frameworld_districts.txt,variable_value_unresolved,resolved_source_local_variable,@advanced_rare_upkeep = 1,Source-local variable assignment found in Gigastructural Engineering & More (4.4)/common\districts\giga_frameworld_districts.txt: @advanced_rare_upkeep = 1.,high,Update source-local variable resolution so district:district_giga_frameworld_trade consumes @advanced_rare_upkeep as 1 and remove this unresolved_variable blocker row.
strategic_infrastructure,district,district_giga_frameworld_trade,@advanced_upkeep,Gigastructural Engineering & More (4.4),common\districts\giga_frameworld_districts.txt,variable_value_unresolved,resolved_source_local_variable,@advanced_upkeep = 5,Source-local variable assignment found in Gigastructural Engineering & More (4.4)/common\districts\giga_frameworld_districts.txt: @advanced_upkeep = 5.,high,Update source-local variable resolution so district:district_giga_frameworld_trade consumes @advanced_upkeep as 5 and remove this unresolved_variable blocker row.
strategic_infrastructure,district,district_hab_energy,@hab_maintenance,Stellaris vanilla,common\districts\03_habitat_districts.txt,variable_value_unresolved,resolved_source_local_variable,@hab_maintenance = 2,Source-local variable assignment found in Stellaris vanilla/common\districts\03_habitat_districts.txt: @hab_maintenance = 2.,high,Update source-local variable resolution so district:district_hab_energy consumes @hab_maintenance as 2 and remove this unresolved_variable blocker row.
strategic_infrastructure,district,district_hab_energy,@low_hab_maintenance,Stellaris vanilla,common\districts\03_habitat_districts.txt,variable_value_unresolved,resolved_source_local_variable,@low_hab_maintenance = 0.25,Source-local variable assignment found in Stellaris vanilla/common\districts\03_habitat_districts.txt: @low_hab_maintenance = 0.25.,high,Update source-local variable resolution so district:district_hab_energy consumes @low_hab_maintenance as 0.25 and remove this unresolved_variable blocker row.
strategic_infrastructure,district,district_hab_housing,@hab_maintenance,Stellaris vanilla,common\districts\03_habitat_districts.txt,variable_value_unresolved,resolved_source_local_variable,@hab_maintenance = 2,Source-local variable assignment found in Stellaris vanilla/common\districts\03_habitat_districts.txt: @hab_maintenance = 2.,high,Update source-local variable resolution so district:district_hab_housing consumes @hab_maintenance as 2 and remove this unresolved_variable blocker row.
strategic_infrastructure,district,district_hab_housing,@low_hab_maintenance,Stellaris vanilla,common\districts\03_habitat_districts.txt,variable_value_unresolved,resolved_source_local_variable,@low_hab_maintenance = 0.25,Source-local variable assignment found in Stellaris vanilla/common\districts\03_habitat_districts.txt: @low_hab_maintenance = 0.25.,high,Update source-local variable resolution so district:district_hab_housing consumes @low_hab_maintenance as 0.25 and remove this unresolved_variable blocker row.
strategic_infrastructure,district,district_hab_mining,@hab_maintenance,Stellaris vanilla,common\districts\03_habitat_districts.txt,variable_value_unresolved,resolved_source_local_variable,@hab_maintenance = 2,Source-local variable assignment found in Stellaris vanilla/common\districts\03_habitat_districts.txt: @hab_maintenance = 2.,high,Update source-local variable resolution so district:district_hab_mining consumes @hab_maintenance as 2 and remove this unresolved_variable blocker row.
strategic_infrastructure,district,district_hab_mining,@low_hab_maintenance,Stellaris vanilla,common\districts\03_habitat_districts.txt,variable_value_unresolved,resolved_source_local_variable,@low_hab_maintenance = 0.25,Source-local variable assignment found in Stellaris vanilla/common\districts\03_habitat_districts.txt: @low_hab_maintenance = 0.25.,high,Update source-local variable resolution so district:district_hab_mining consumes @low_hab_maintenance as 0.25 and remove this unresolved_variable blocker row.
strategic_infrastructure,district,district_hab_science,@hab_maintenance,Stellar AI Director,common\districts\zzzz_staid_06_research_infrastructure_districts.txt,variable_value_unresolved,resolved_source_local_variable,@hab_maintenance = 2,Source-local variable assignment found in Stellar AI Director/common\districts\zzzz_staid_06_research_infrastructure_districts.txt: @hab_maintenance = 2.,high,Update source-local variable resolution so district:district_hab_science consumes @hab_maintenance as 2 and remove this unresolved_variable blocker row.
strategic_infrastructure,district,district_hab_science,@low_hab_maintenance,Stellar AI Director,common\districts\zzzz_staid_06_research_infrastructure_districts.txt,variable_value_unresolved,resolved_source_local_variable,@low_hab_maintenance = 0.25,Source-local variable assignment found in Stellar AI Director/common\districts\zzzz_staid_06_research_infrastructure_districts.txt: @low_hab_maintenance = 0.25.,high,Update source-local variable resolution so district:district_hab_science consumes @low_hab_maintenance as 0.25 and remove this unresolved_variable blocker row.
strategic_infrastructure,district,district_rw_city,@rw_maintenance,Stellaris vanilla,common\districts\04_ringworld_districts.txt,variable_value_unresolved,resolved_source_local_variable,@rw_maintenance = 5,Source-local variable assignment found in Stellaris vanilla/common\districts\04_ringworld_districts.txt: @rw_maintenance = 5.,high,Update source-local variable resolution so district:district_rw_city consumes @rw_maintenance as 5 and remove this unresolved_variable blocker row.
strategic_infrastructure,district,district_rw_commercial,@rw_maintenance,Stellaris vanilla,common\districts\04_ringworld_districts.txt,variable_value_unresolved,resolved_source_local_variable,@rw_maintenance = 5,Source-local variable assignment found in Stellaris vanilla/common\districts\04_ringworld_districts.txt: @rw_maintenance = 5.,high,Update source-local variable resolution so district:district_rw_commercial consumes @rw_maintenance as 5 and remove this unresolved_variable blocker row.
strategic_infrastructure,district,district_rw_commercial,@rw_maintenance_sr,Stellaris vanilla,common\districts\04_ringworld_districts.txt,variable_value_unresolved,resolved_source_local_variable,@rw_maintenance_sr = 2,Source-local variable assignment found in Stellaris vanilla/common\districts\04_ringworld_districts.txt: @rw_maintenance_sr = 2.,high,Update source-local variable resolution so district:district_rw_commercial consumes @rw_maintenance_sr as 2 and remove this unresolved_variable blocker row.
strategic_infrastructure,district,district_rw_farming,@rw_maintenance,Stellaris vanilla,common\districts\04_ringworld_districts.txt,variable_value_unresolved,resolved_source_local_variable,@rw_maintenance = 5,Source-local variable assignment found in Stellaris vanilla/common\districts\04_ringworld_districts.txt: @rw_maintenance = 5.,high,Update source-local variable resolution so district:district_rw_farming consumes @rw_maintenance as 5 and remove this unresolved_variable blocker row.
strategic_infrastructure,district,district_rw_farming,@rw_maintenance_sr,Stellaris vanilla,common\districts\04_ringworld_districts.txt,variable_value_unresolved,resolved_source_local_variable,@rw_maintenance_sr = 2,Source-local variable assignment found in Stellaris vanilla/common\districts\04_ringworld_districts.txt: @rw_maintenance_sr = 2.,high,Update source-local variable resolution so district:district_rw_farming consumes @rw_maintenance_sr as 2 and remove this unresolved_variable blocker row.
strategic_infrastructure,district,district_rw_generator,@rw_maintenance,Stellaris vanilla,common\districts\04_ringworld_districts.txt,variable_value_unresolved,resolved_source_local_variable,@rw_maintenance = 5,Source-local variable assignment found in Stellaris vanilla/common\districts\04_ringworld_districts.txt: @rw_maintenance = 5.,high,Update source-local variable resolution so district:district_rw_generator consumes @rw_maintenance as 5 and remove this unresolved_variable blocker row.
strategic_infrastructure,district,district_rw_generator,@rw_maintenance_sr,Stellaris vanilla,common\districts\04_ringworld_districts.txt,variable_value_unresolved,resolved_source_local_variable,@rw_maintenance_sr = 2,Source-local variable assignment found in Stellaris vanilla/common\districts\04_ringworld_districts.txt: @rw_maintenance_sr = 2.,high,Update source-local variable resolution so district:district_rw_generator consumes @rw_maintenance_sr as 2 and remove this unresolved_variable blocker row.
strategic_infrastructure,district,district_rw_hive,@rw_maintenance,Stellaris vanilla,common\districts\04_ringworld_districts.txt,variable_value_unresolved,resolved_source_local_variable,@rw_maintenance = 5,Source-local variable assignment found in Stellaris vanilla/common\districts\04_ringworld_districts.txt: @rw_maintenance = 5.,high,Update source-local variable resolution so district:district_rw_hive consumes @rw_maintenance as 5 and remove this unresolved_variable blocker row.
strategic_infrastructure,district,district_rw_nexus,@rw_maintenance,Stellaris vanilla,common\districts\04_ringworld_districts.txt,variable_value_unresolved,resolved_source_local_variable,@rw_maintenance = 5,Source-local variable assignment found in Stellaris vanilla/common\districts\04_ringworld_districts.txt: @rw_maintenance = 5.,high,Update source-local variable resolution so district:district_rw_nexus consumes @rw_maintenance as 5 and remove this unresolved_variable blocker row.
strategic_infrastructure,district,district_rw_science,@rw_maintenance,Stellaris vanilla,common\districts\04_ringworld_districts.txt,variable_value_unresolved,resolved_source_local_variable,@rw_maintenance = 5,Source-local variable assignment found in Stellaris vanilla/common\districts\04_ringworld_districts.txt: @rw_maintenance = 5.,high,Update source-local variable resolution so district:district_rw_science consumes @rw_maintenance as 5 and remove this unresolved_variable blocker row.
strategic_infrastructure,district,district_rw_science,@rw_maintenance_sr,Stellaris vanilla,common\districts\04_ringworld_districts.txt,variable_value_unresolved,resolved_source_local_variable,@rw_maintenance_sr = 2,Source-local variable assignment found in Stellaris vanilla/common\districts\04_ringworld_districts.txt: @rw_maintenance_sr = 2.,high,Update source-local variable resolution so district:district_rw_science consumes @rw_maintenance_sr as 2 and remove this unresolved_variable blocker row.
strategic_infrastructure,district,district_rw_urban_1,@rw_maintenance,Stellaris vanilla,common\districts\04_ringworld_districts.txt,variable_value_unresolved,resolved_source_local_variable,@rw_maintenance = 5,Source-local variable assignment found in Stellaris vanilla/common\districts\04_ringworld_districts.txt: @rw_maintenance = 5.,high,Update source-local variable resolution so district:district_rw_urban_1 consumes @rw_maintenance as 5 and remove this unresolved_variable blocker row.
strategic_infrastructure,district,district_rw_urban_2,@rw_maintenance,Stellaris vanilla,common\districts\04_ringworld_districts.txt,variable_value_unresolved,resolved_source_local_variable,@rw_maintenance = 5,Source-local variable assignment found in Stellaris vanilla/common\districts\04_ringworld_districts.txt: @rw_maintenance = 5.,high,Update source-local variable resolution so district:district_rw_urban_2 consumes @rw_maintenance as 5 and remove this unresolved_variable blocker row.
strategic_infrastructure,district,district_rw_urban_3,@rw_maintenance,Stellaris vanilla,common\districts\04_ringworld_districts.txt,variable_value_unresolved,resolved_source_local_variable,@rw_maintenance = 5,Source-local variable assignment found in Stellaris vanilla/common\districts\04_ringworld_districts.txt: @rw_maintenance = 5.,high,Update source-local variable resolution so district:district_rw_urban_3 consumes @rw_maintenance as 5 and remove this unresolved_variable blocker row.
